foul_id,event_id,match,minute_num,minute_raw,foul_player,is_argentina,carded,n_coverage_rows,n_country_families,country_families,n_under_carded_stance,has_multi_country_ge3,panel_incidents
760517_49879055,760517,ESP-ARG Final,14.0,14',Alexis Mac Allister,1,0,17,6,DE|ES|FR|IN|IT|UK,15,1,F01
760517_49879092,760517,ESP-ARG Final,18.0,18',Nicolás Tagliafico,1,0,9,5,ES|FR|IN|IT|UK,8,1,F02
760517_49879205,760517,ESP-ARG Final,29.0,29',Nicolás Tagliafico,1,0,9,5,ES|FR|IN|IT|UK,8,1,F02
760517_49879313,760517,ESP-ARG Final,36.0,36',Nicolás Tagliafico,1,0,9,5,ES|FR|IN|IT|UK,8,1,F02
760517_49879759,760517,ESP-ARG Final,60.0,60',Leandro Paredes,1,0,1,1,UK,1,0,
760517_49879939,760517,ESP-ARG Final,76.0,76',Leandro Paredes,1,0,1,1,UK,1,0,
760517_49879650,760517,ESP-ARG Final,52.0,52',Leandro Paredes,1,1,2,1,UK,0,0,
760517_49880237,760517,ESP-ARG Final,90.06,90'+6',Leandro Paredes,1,1,1,1,UK,0,0,
760517_49880588,760517,ESP-ARG Final,111.0,111',Alexis Mac Allister,1,1,1,1,UK,0,0,
760433_49535632,760433,ARG-ALG GS,1.0,1',Enzo Fernández,1,0,0,0,,0,0,
760433_49535793,760433,ARG-ALG GS,10.0,10',Lautaro Martínez,1,0,0,0,,0,0,
760433_49535801,760433,ARG-ALG GS,11.0,11',Gonzalo Montiel,1,0,0,0,,0,0,
760433_49536125,760433,ARG-ALG GS,31.0,31',Lionel Messi,1,0,0,0,,0,0,
760433_49536204,760433,ARG-ALG GS,37.0,37',Facundo Medina,1,0,0,0,,0,0,
760433_49536289,760433,ARG-ALG GS,43.0,43',Alexis Mac Allister,1,0,0,0,,0,0,
760433_49536330,760433,ARG-ALG GS,45.0,45',Lautaro Martínez,1,0,0,0,,0,0,
760433_49536536,760433,ARG-ALG GS,51.0,51',Cristian Romero,1,0,0,0,,0,0,
760433_49536592,760433,ARG-ALG GS,55.0,55',Cristian Romero,1,0,0,0,,0,0,
760433_49536985,760433,ARG-ALG GS,83.0,83',Facundo Medina,1,0,0,0,,0,0,
760433_49536994,760433,ARG-ALG GS,83.0,83',Julián Alvarez,1,0,0,0,,0,0,
760433_49537027,760433,ARG-ALG GS,85.0,85',Alexis Mac Allister,1,0,0,0,,0,0,
760433_49537245,760433,ARG-ALG GS,90.05,90'+5',Nico Paz,1,0,0,0,,0,0,
760456_49583016,760456,ARG-AUT GS,11.0,11',Lisandro Martínez,1,0,0,0,,0,0,
760456_49583051,760456,ARG-AUT GS,14.0,14',Alexis Mac Allister,1,0,0,0,,0,0,
760456_49583185,760456,ARG-AUT GS,21.0,21',Lautaro Martínez,1,0,0,0,,0,0,
760456_49583319,760456,ARG-AUT GS,32.0,32',Facundo Medina,1,0,0,0,,0,0,
760456_49583392,760456,ARG-AUT GS,35.0,35',Nahuel Molina,1,0,0,0,,0,0,
760456_49583488,760456,ARG-AUT GS,44.0,44',Alexis Mac Allister,1,0,0,0,,0,0,
760456_49583505,760456,ARG-AUT GS,45.0,45',Enzo Fernández,1,0,0,0,,0,0,
760456_49583538,760456,ARG-AUT GS,45.02,45'+2',Lautaro Martínez,1,0,0,0,,0,0,
760456_49583806,760456,ARG-AUT GS,53.0,53',Enzo Fernández,1,0,0,0,,0,0,
760456_49583823,760456,ARG-AUT GS,54.0,54',Cristian Romero,1,0,0,0,,0,0,
760483_49645164,760483,JOR-ARG GS,1.0,1',Giuliano Simeone,1,0,0,0,,0,0,
760483_49646087,760483,JOR-ARG GS,32.0,32',Giovani Lo Celso,1,0,0,0,,0,0,
760483_49646100,760483,JOR-ARG GS,33.0,33',Exequiel Palacios,1,0,0,0,,0,0,
760483_49646135,760483,JOR-ARG GS,34.0,34',Nico Paz,1,0,0,0,,0,0,
760483_49646454,760483,JOR-ARG GS,42.0,42',Lautaro Martínez,1,0,0,0,,0,0,
760483_49646875,760483,JOR-ARG GS,49.0,49',Nicolás Tagliafico,1,0,0,0,,0,0,
760483_49647666,760483,JOR-ARG GS,75.0,75',Nicolás Otamendi,1,0,0,0,,0,0,
760500_49687202,760500,ARG-CPV R32,4.0,4',Rodrigo De Paul,1,0,0,0,,0,0,
760500_49687303,760500,ARG-CPV R32,10.0,10',Cristian Romero,1,0,0,0,,0,0,
760500_49687602,760500,ARG-CPV R32,32.0,32',Nahuel Molina,1,0,0,0,,0,0,
760500_49687791,760500,ARG-CPV R32,43.0,43',Lautaro Martínez,1,0,0,0,,0,0,
760500_49687872,760500,ARG-CPV R32,45.02,45'+2',Lionel Messi,1,0,0,0,,0,0,
760500_49687979,760500,ARG-CPV R32,50.0,50',Lautaro Martínez,1,0,0,0,,0,0,
760500_49688032,760500,ARG-CPV R32,53.0,53',Thiago Almada,1,0,0,0,,0,0,
760500_49688127,760500,ARG-CPV R32,58.0,58',Cristian Romero,1,0,0,0,,0,0,
760500_49688345,760500,ARG-CPV R32,77.0,77',Alexis Mac Allister,1,0,0,0,,0,0,
760500_49688599,760500,ARG-CPV R32,90.05,90'+5',Julián Alvarez,1,0,0,0,,0,0,
760500_49688604,760500,ARG-CPV R32,90.06,90'+6',Nico González,1,0,0,0,,0,0,
760509_49730788,760509,ARG-EGY R16,5.0,5',Enzo Fernández,1,0,0,0,,0,0,
760509_49730840,760509,ARG-EGY R16,7.0,7',Nicolás Tagliafico,1,0,0,0,,0,0,
760509_49730907,760509,ARG-EGY R16,11.0,11',Enzo Fernández,1,0,0,0,,0,0,
760509_49730954,760509,ARG-EGY R16,13.0,13',Rodrigo De Paul,1,0,0,0,,0,0,
760509_49731044,760509,ARG-EGY R16,21.0,21',Cristian Romero,1,0,0,0,,0,0,
760509_49731075,760509,ARG-EGY R16,23.0,23',Lisandro Martínez,1,0,0,0,,0,0,
760509_49731396,760509,ARG-EGY R16,45.0,45',Julián Alvarez,1,0,0,0,,0,0,
760509_49731436,760509,ARG-EGY R16,45.02,45'+2',Julián Alvarez,1,0,0,0,,0,0,
760509_49731511,760509,ARG-EGY R16,46.0,46',Lisandro Martínez,1,0,0,0,,0,0,
760509_49731548,760509,ARG-EGY R16,48.0,48',Julián Alvarez,1,0,0,0,,0,0,
760509_49731551,760509,ARG-EGY R16,48.0,48',Nicolás Tagliafico,1,0,0,0,,0,0,
760509_49732163,760509,ARG-EGY R16,87.0,87',Nico González,1,0,0,0,,0,0,
760509_49732287,760509,ARG-EGY R16,90.07,90'+7',Nico González,1,0,0,0,,0,0,
760513_49769543,760513,ARG-SUI QF,3.0,3',Julián Alvarez,1,0,0,0,,0,0,
760513_49769859,760513,ARG-SUI QF,13.0,13',Cristian Romero,1,0,0,0,,0,0,
760513_49770527,760513,ARG-SUI QF,35.0,35',Julián Alvarez,1,0,0,0,,0,0,
760513_49770564,760513,ARG-SUI QF,36.0,36',Leandro Paredes,1,0,0,0,,0,0,
760513_49770665,760513,ARG-SUI QF,40.0,40',Lisandro Martínez,1,0,0,0,,0,0,
760513_49770693,760513,ARG-SUI QF,42.0,42',Leandro Paredes,1,0,0,0,,0,0,
760513_49770723,760513,ARG-SUI QF,45.0,45',Lisandro Martínez,1,0,0,0,,0,0,
760513_49771073,760513,ARG-SUI QF,48.0,48',Nicolás Tagliafico,1,0,0,0,,0,0,
760513_49771856,760513,ARG-SUI QF,79.0,79',Julián Alvarez,1,0,0,0,,0,0,
760513_49772249,760513,ARG-SUI QF,90.09,90'+9',Gonzalo Montiel,1,0,0,0,,0,0,
760513_49772582,760513,ARG-SUI QF,107.0,107',Alexis Mac Allister,1,0,0,0,,0,0,
760513_49772722,760513,ARG-SUI QF,118.0,118',José Manuel López,1,0,0,0,,0,0,
760515_49796217,760515,ENG-ARG SF,2.0,2',Leandro Paredes,1,0,0,0,,0,0,
760515_49796242,760515,ENG-ARG SF,3.0,3',Enzo Fernández,1,0,0,0,,0,0,
760515_49796298,760515,ENG-ARG SF,6.0,6',Giuliano Simeone,1,0,0,0,,0,0,
760515_49796334,760515,ENG-ARG SF,9.0,9',Giuliano Simeone,1,0,0,0,,0,0,
760515_49796448,760515,ENG-ARG SF,16.0,16',Giuliano Simeone,1,0,0,0,,0,0,
760515_49796570,760515,ENG-ARG SF,25.0,25',Giuliano Simeone,1,0,0,0,,0,0,
760515_49796657,760515,ENG-ARG SF,32.0,32',Enzo Fernández,1,0,0,0,,0,0,
760515_49796672,760515,ENG-ARG SF,34.0,34',Giuliano Simeone,1,0,0,0,,0,0,
760515_49796694,760515,ENG-ARG SF,35.0,35',Nahuel Molina,1,0,0,0,,0,0,
760515_49796908,760515,ENG-ARG SF,45.03,45'+3',,1,0,0,0,,0,0,
760515_49797368,760515,ENG-ARG SF,69.0,69',Cristian Romero,1,0,0,0,,0,0,
760515_49797543,760515,ENG-ARG SF,81.0,81',Nico González,1,0,0,0,,0,0,
760517_49878856,760517,ESP-ARG Final,4.0,4',Gonzalo Montiel,1,0,0,0,,0,0,
760517_49879285,760517,ESP-ARG Final,34.0,34',Julián Alvarez,1,0,0,0,,0,0,
760517_49879353,760517,ESP-ARG Final,38.0,38',Julián Alvarez,1,0,0,0,,0,0,
760517_49879710,760517,ESP-ARG Final,56.0,56',Julián Alvarez,1,0,0,0,,0,0,
760517_49879711,760517,ESP-ARG Final,56.0,56',,1,0,0,0,,0,0,
760517_49879773,760517,ESP-ARG Final,62.0,62',Nicolás Otamendi,1,0,0,0,,0,0,
760517_49880311,760517,ESP-ARG Final,94.0,94',Giuliano Simeone,1,0,0,0,,0,0,
760517_49880377,760517,ESP-ARG Final,100.0,100',Lionel Messi,1,0,0,0,,0,0,
760517_49880504,760517,ESP-ARG Final,105.03,105'+3',Giuliano Simeone,1,0,0,0,,0,0,
760517_49880506,760517,ESP-ARG Final,105.03,105'+3',,1,0,0,0,,0,0,
760517_49880735,760517,ESP-ARG Final,120.03,120'+3',Nicolás Tagliafico,1,0,0,0,,0,0,
760456_49584399,760456,ARG-AUT GS,89.0,89',Nicolás Otamendi,1,1,0,0,,0,0,
760456_49584444,760456,ARG-AUT GS,90.02,90'+2',Leandro Paredes,1,1,0,0,,0,0,
760500_49689475,760500,ARG-CPV R32,115.0,115',Gonzalo Montiel,1,1,0,0,,0,0,
760513_49772401,760513,ARG-SUI QF,97.0,97',Thiago Almada,1,1,0,0,,0,0,
760513_49772413,760513,ARG-SUI QF,98.0,98',Lautaro Martínez,1,1,0,0,,0,0,
760515_49796782,760515,ENG-ARG SF,42.0,42',Lisandro Martínez,1,1,0,0,,0,0,
760515_49796805,760515,ENG-ARG SF,43.0,43',Enzo Fernández,1,1,0,0,,0,0,
760515_49797059,760515,ENG-ARG SF,51.0,51',Cristian Romero,1,1,0,0,,0,0,
760517_49879409,760517,ESP-ARG Final,41.0,41',Lisandro Martínez,1,1,0,0,,0,0,
760517_49880030,760517,ESP-ARG Final,81.0,81',Giuliano Simeone,1,1,0,0,,0,0,
760517_49880083,760517,ESP-ARG Final,84.0,84',Enzo Fernández,1,1,0,0,,0,0,
760517_49880212,760517,ESP-ARG Final,90.03,90'+3',Enzo Fernández,1,1,0,0,,0,0,
760517_49880598,760517,ESP-ARG Final,111.0,111',Nicolás Tagliafico,1,1,0,0,,0,0,
760433_49536166,760433,ARG-ALG GS,34.0,34',Amine Gouiri,0,0,0,0,,0,0,
760433_49536190,760433,ARG-ALG GS,36.0,36',Rafik Belghali,0,0,0,0,,0,0,
760433_49536402,760433,ARG-ALG GS,45.04,45'+4',Rafik Belghali,0,0,0,0,,0,0,
760433_49536473,760433,ARG-ALG GS,48.0,48',Hicham Boudaoui,0,0,0,0,,0,0,
760433_49536725,760433,ARG-ALG GS,63.0,63',Hicham Boudaoui,0,0,0,0,,0,0,
760433_49536737,760433,ARG-ALG GS,64.0,64',Mohammed Amoura,0,0,0,0,,0,0,
760433_49536901,760433,ARG-ALG GS,75.0,75',Farès Chaïbi,0,0,0,0,,0,0,
760456_49582963,760456,ARG-AUT GS,4.0,4',,0,0,0,0,,0,0,
760456_49583013,760456,ARG-AUT GS,10.0,10',Romano Schmid,0,0,0,0,,0,0,
760456_49583113,760456,ARG-AUT GS,18.0,18',Paul Wanner,0,0,0,0,,0,0,
760456_49583480,760456,ARG-AUT GS,43.0,43',Kevin Danso,0,0,0,0,,0,0,
760456_49583724,760456,ARG-AUT GS,48.0,48',Xaver Schlager,0,0,0,0,,0,0,
760456_49583796,760456,ARG-AUT GS,52.0,52',Xaver Schlager,0,0,0,0,,0,0,
760456_49583862,760456,ARG-AUT GS,57.0,57',Paul Wanner,0,0,0,0,,0,0,
760456_49584379,760456,ARG-AUT GS,88.0,88',Patrick Wimmer,0,0,0,0,,0,0,
760456_49584427,760456,ARG-AUT GS,90.01,90'+1',Patrick Wimmer,0,0,0,0,,0,0,
760456_49584501,760456,ARG-AUT GS,90.07,90'+7',Patrick Wimmer,0,0,0,0,,0,0,
760456_49584502,760456,ARG-AUT GS,90.07,90'+7',,0,0,0,0,,0,0,
760483_49646031,760483,JOR-ARG GS,28.0,28',,0,0,0,0,,0,0,
760483_49646409,760483,JOR-ARG GS,41.0,41',Yazan Al Arab,0,0,0,0,,0,0,
760483_49646614,760483,JOR-ARG GS,45.02,45'+2',Odeh Fakhoury,0,0,0,0,,0,0,
760483_49646644,760483,JOR-ARG GS,45.03,45'+3',Yazan Al Arab,0,0,0,0,,0,0,
760483_49646646,760483,JOR-ARG GS,45.03,45'+3',,0,0,0,0,,0,0,
760483_49646888,760483,JOR-ARG GS,49.0,49',Ali Olwan,0,0,0,0,,0,0,
760483_49647445,760483,JOR-ARG GS,67.0,67',Mahmoud Al Mardi,0,0,0,0,,0,0,
760483_49647773,760483,JOR-ARG GS,79.0,79',Amer Jamous,0,0,0,0,,0,0,
760483_49647931,760483,JOR-ARG GS,85.0,85',Ehsan Haddad,0,0,0,0,,0,0,
760483_49648053,760483,JOR-ARG GS,88.0,88',Husam Abu Dahab,0,0,0,0,,0,0,
760500_49687420,760500,ARG-CPV R32,17.0,17',Jovane Cabral,0,0,0,0,,0,0,
760500_49687422,760500,ARG-CPV R32,17.0,17',,0,0,0,0,,0,0,
760500_49687737,760500,ARG-CPV R32,40.0,40',Deroy Duarte,0,0,0,0,,0,0,
760500_49687776,760500,ARG-CPV R32,42.0,42',Deroy Duarte,0,0,0,0,,0,0,
760500_49687787,760500,ARG-CPV R32,43.0,43',Diney Borges,0,0,0,0,,0,0,
760500_49688326,760500,ARG-CPV R32,71.0,71',Deroy Duarte,0,0,0,0,,0,0,
760500_49688350,760500,ARG-CPV R32,78.0,78',Dailon Livramento,0,0,0,0,,0,0,
760500_49688366,760500,ARG-CPV R32,79.0,79',Kevin Pina,0,0,0,0,,0,0,
760500_49688594,760500,ARG-CPV R32,90.04,90'+4',Jamiro Monteiro,0,0,0,0,,0,0,
760500_49688637,760500,ARG-CPV R32,90.08,90'+8',Willy Semedo,0,0,0,0,,0,0,
760500_49689253,760500,ARG-CPV R32,107.0,107',Jamiro Monteiro,0,0,0,0,,0,0,
760500_49689336,760500,ARG-CPV R32,110.0,110',Willy Semedo,0,0,0,0,,0,0,
760509_49731025,760509,ARG-EGY R16,18.0,18',Yasser Ibrahim,0,0,0,0,,0,0,
760509_49731036,760509,ARG-EGY R16,19.0,19',,0,0,0,0,,0,0,
760509_49731162,760509,ARG-EGY R16,30.0,30',Marwan Attia,0,0,0,0,,0,0,
760509_49731195,760509,ARG-EGY R16,33.0,33',Mohanad Lasheen,0,0,0,0,,0,0,
760509_49731385,760509,ARG-EGY R16,44.0,44',Marwan Attia,0,0,0,0,,0,0,
760509_49731628,760509,ARG-EGY R16,52.0,52',Mohamed Salah,0,0,0,0,,0,0,
760509_49731691,760509,ARG-EGY R16,55.0,55',Hamdi Fathy,0,0,0,0,,0,0,
760509_49731757,760509,ARG-EGY R16,58.0,58',Marwan Attia,0,0,0,0,,0,0,
760509_49731820,760509,ARG-EGY R16,64.0,64',Mohamed Salah,0,0,0,0,,0,0,
760513_49769481,760513,ARG-SUI QF,1.0,1',Denis Zakaria,0,0,0,0,,0,0,
760513_49770014,760513,ARG-SUI QF,17.0,17',,0,0,0,0,,0,0,
760513_49770012,760513,ARG-SUI QF,17.0,17',Ricardo Rodríguez,0,0,0,0,,0,0,
760513_49770160,760513,ARG-SUI QF,22.0,22',Fabian Rieder,0,0,0,0,,0,0,
760513_49770170,760513,ARG-SUI QF,23.0,23',Djibril Sow,0,0,0,0,,0,0,
760513_49770296,760513,ARG-SUI QF,28.0,28',Granit Xhaka,0,0,0,0,,0,0,
760513_49770429,760513,ARG-SUI QF,32.0,32',Dan Ndoye,0,0,0,0,,0,0,
760513_49770655,760513,ARG-SUI QF,39.0,39',Denis Zakaria,0,0,0,0,,0,0,
760513_49771361,760513,ARG-SUI QF,59.0,59',Remo Freuler,0,0,0,0,,0,0,
760513_49771472,760513,ARG-SUI QF,62.0,62',Djibril Sow,0,0,0,0,,0,0,
760513_49772407,760513,ARG-SUI QF,98.0,98',Manuel Akanji,0,0,0,0,,0,0,
760513_49772476,760513,ARG-SUI QF,102.0,102',Zeki Amdouni,0,0,0,0,,0,0,
760513_49772478,760513,ARG-SUI QF,102.0,102',,0,0,0,0,,0,0,
760513_49772632,760513,ARG-SUI QF,110.0,110',Manuel Akanji,0,0,0,0,,0,0,
760515_49796310,760515,ENG-ARG SF,8.0,8',,0,0,0,0,,0,0,
760515_49796323,760515,ENG-ARG SF,9.0,9',Reece James,0,0,0,0,,0,0,
760515_49796343,760515,ENG-ARG SF,10.0,10',Elliot Anderson,0,0,0,0,,0,0,
760515_49796537,760515,ENG-ARG SF,21.0,21',Morgan Rogers,0,0,0,0,,0,0,
760515_49796562,760515,ENG-ARG SF,23.0,23',Jude Bellingham,0,0,0,0,,0,0,
760515_49796564,760515,ENG-ARG SF,23.0,23',,0,0,0,0,,0,0,
760515_49796628,760515,ENG-ARG SF,30.0,30',Anthony Gordon,0,0,0,0,,0,0,
760515_49797086,760515,ENG-ARG SF,53.0,53',Jude Bellingham,0,0,0,0,,0,0,
760515_49797339,760515,ENG-ARG SF,67.0,67',Morgan Rogers,0,0,0,0,,0,0,
760515_49797746,760515,ENG-ARG SF,90.09,90'+9',Jude Bellingham,0,0,0,0,,0,0,
760515_49797778,760515,ENG-ARG SF,90.12,90'+12',Dan Burn,0,0,0,0,,0,0,
760517_49878814,760517,ESP-ARG Final,2.0,2',Pedro Porro,0,0,0,0,,0,0,
760517_49878952,760517,ESP-ARG Final,8.0,8',Lamine Yamal,0,0,0,0,,0,0,
760517_49879065,760517,ESP-ARG Final,16.0,16',Álex Baena,0,0,0,0,,0,0,
760517_49879106,760517,ESP-ARG Final,20.0,20',Dani Olmo,0,0,0,0,,0,0,
760517_49879176,760517,ESP-ARG Final,24.0,24',Rodri,0,0,0,0,,0,0,
760517_49879277,760517,ESP-ARG Final,33.0,33',Rodri,0,0,0,0,,0,0,
760517_49879526,760517,ESP-ARG Final,45.03,45'+3',Mikel Oyarzabal,0,0,0,0,,0,0,
760517_49879630,760517,ESP-ARG Final,50.0,50',Álex Baena,0,0,0,0,,0,0,
760517_49879640,760517,ESP-ARG Final,51.0,51',Álex Baena,0,0,0,0,,0,0,
760517_49879672,760517,ESP-ARG Final,54.0,54',Pedro Porro,0,0,0,0,,0,0,
760517_49879678,760517,ESP-ARG Final,54.0,54',Álex Baena,0,0,0,0,,0,0,
760517_49880179,760517,ESP-ARG Final,90.01,90'+1',Ferran Torres,0,0,0,0,,0,0,
760517_49880188,760517,ESP-ARG Final,90.01,90'+1',Aymeric Laporte,0,0,0,0,,0,0,
760517_49880277,760517,ESP-ARG Final,92.0,92',Pedro Porro,0,0,0,0,,0,0,
760517_49880298,760517,ESP-ARG Final,93.0,93',Pedri,0,0,0,0,,0,0,
760517_49880352,760517,ESP-ARG Final,96.0,96',Mikel Merino,0,0,0,0,,0,0,
760517_49880534,760517,ESP-ARG Final,108.0,108',Lamine Yamal,0,0,0,0,,0,0,
760517_49880643,760517,ESP-ARG Final,114.0,114',Nico Williams,0,0,0,0,,0,0,
760517_49880697,760517,ESP-ARG Final,119.0,119',Nico Williams,0,0,0,0,,0,0,
760517_49880744,760517,ESP-ARG Final,120.04,120'+4',Eric García,0,0,0,0,,0,0,
760517_49880758,760517,ESP-ARG Final,120.05,120'+5',Marc Cucurella,0,0,0,0,,0,0,
760456_49584162,760456,ARG-AUT GS,75.0,75',Xaver Schlager,0,1,0,0,,0,0,
760456_49584173,760456,ARG-AUT GS,76.0,76',Konrad Laimer,0,1,0,0,,0,0,
760483_49645753,760483,JOR-ARG GS,17.0,17',Mohannad Abu Taha,0,1,0,0,,0,0,
760483_49647364,760483,JOR-ARG GS,64.0,64',Yazan Al Arab,0,1,0,0,,0,0,
760483_49648233,760483,JOR-ARG GS,90.04,90'+4',Mohammad Abu Zraiq,0,1,0,0,,0,0,
760500_49688265,760500,ARG-CPV R32,68.0,68',,0,1,0,0,,0,0,
760509_49732199,760509,ARG-EGY R16,89.0,89',Karim Hafez,0,1,0,0,,0,0,
760509_49732296,760509,ARG-EGY R16,90.08,90'+8',Marwan Attia,0,1,0,0,,0,0,
760513_49770709,760513,ARG-SUI QF,44.0,44',Breel Embolo,0,1,0,0,,0,0,
760513_49770745,760513,ARG-SUI QF,45.03,45'+3',Djibril Sow,0,1,0,0,,0,0,
760515_49796709,760515,ENG-ARG SF,37.0,37',Elliot Anderson,0,1,0,0,,0,0,
