foul_id,event_id,match,date,play_id,minute_raw,minute_num,period,foul_team,is_argentina,foul_player,fk_winner_player,fk_zone,x,y,carded,card_type,card_minute,l2_incident_ids,l2_matched,arg_uncarded_candidate,text
760433_49535632,760433,ARG-ALG GS,2026-06-17,49535632,1',1.0,1,Argentina,1,Enzo Fernández,,,58.6,74.5,0,,,,0,1,Foul by Enzo Fernández (Argentina).
760433_49535793,760433,ARG-ALG GS,2026-06-17,49535793,10',10.0,1,Argentina,1,Lautaro Martínez,Aïssa Mandi,defensive half,26.1,30.8,0,,,,0,1,Aïssa Mandi (Algeria) wins a free kick in the defensive half.
760433_49535801,760433,ARG-ALG GS,2026-06-17,49535801,11',11.0,1,Argentina,1,Gonzalo Montiel,Rayan Aït-Nouri,left wing,26.6,8.9,0,,,,0,1,Rayan Aït-Nouri (Algeria) wins a free kick on the left wing.
760433_49536125,760433,ARG-ALG GS,2026-06-17,49536125,31',31.0,1,Argentina,1,Lionel Messi,,,68.8,76.8,0,,,,0,1,Foul by Lionel Messi (Argentina).
760433_49536166,760433,ARG-ALG GS,2026-06-17,49536166,34',34.0,1,Algeria,0,Amine Gouiri,Alexis Mac Allister,defensive half,56.2,25.9,0,,,,0,0,Alexis Mac Allister (Argentina) wins a free kick in the defensive half.
760433_49536190,760433,ARG-ALG GS,2026-06-17,49536190,36',36.0,1,Algeria,0,Rafik Belghali,,,37.0,26.6,0,,,,0,0,Foul by Rafik Belghali (Algeria).
760433_49536204,760433,ARG-ALG GS,2026-06-17,49536204,37',37.0,1,Argentina,1,Facundo Medina,Aïssa Mandi,defensive half,23.9,65.2,0,,,,0,1,Aïssa Mandi (Algeria) wins a free kick in the defensive half.
760433_49536289,760433,ARG-ALG GS,2026-06-17,49536289,43',43.0,1,Argentina,1,Alexis Mac Allister,,,38.7,11.5,0,,,,0,1,Foul by Alexis Mac Allister (Argentina).
760433_49536330,760433,ARG-ALG GS,2026-06-17,49536330,45',45.0,1,Argentina,1,Lautaro Martínez,,,63.2,51.4,0,,,,0,1,Foul by Lautaro Martínez (Argentina).
760433_49536402,760433,ARG-ALG GS,2026-06-17,49536402,45'+4',45.04,1,Algeria,0,Rafik Belghali,,,38.4,9.4,0,,,,0,0,Foul by Rafik Belghali (Algeria).
760433_49536473,760433,ARG-ALG GS,2026-06-17,49536473,48',48.0,2,Algeria,0,Hicham Boudaoui,Lionel Messi,defensive half,33.8,38.3,0,,,,0,0,Lionel Messi (Argentina) wins a free kick in the defensive half.
760433_49536536,760433,ARG-ALG GS,2026-06-17,49536536,51',51.0,2,Argentina,1,Cristian Romero,,,68.0,21.0,0,,,,0,1,Foul by Cristian Romero (Argentina).
760433_49536592,760433,ARG-ALG GS,2026-06-17,49536592,55',55.0,2,Argentina,1,Cristian Romero,Amine Gouiri,left wing,44.8,4.6,0,,,,0,1,Amine Gouiri (Algeria) wins a free kick on the left wing.
760433_49536725,760433,ARG-ALG GS,2026-06-17,49536725,63',63.0,2,Algeria,0,Hicham Boudaoui,,,42.8,22.6,0,,,,0,0,Foul by Hicham Boudaoui (Algeria).
760433_49536737,760433,ARG-ALG GS,2026-06-17,49536737,64',64.0,2,Algeria,0,Mohammed Amoura,Cristian Romero,attacking half,45.0,60.4,0,,,,0,0,Cristian Romero (Argentina) wins a free kick in the attacking half.
760433_49536901,760433,ARG-ALG GS,2026-06-17,49536901,75',75.0,2,Algeria,0,Farès Chaïbi,,,73.2,93.8,0,,,,0,0,Foul by Farès Chaïbi (Algeria).
760433_49536985,760433,ARG-ALG GS,2026-06-17,49536985,83',83.0,2,Argentina,1,Facundo Medina,,,43.3,93.6,0,,,,0,1,Foul by Facundo Medina (Argentina).
760433_49536994,760433,ARG-ALG GS,2026-06-17,49536994,83',83.0,2,Argentina,1,Julián Alvarez,,,66.0,75.0,0,,,,0,1,Foul by Julián Alvarez (Argentina).
760433_49537027,760433,ARG-ALG GS,2026-06-17,49537027,85',85.0,2,Argentina,1,Alexis Mac Allister,Houssem Aouar,attacking half,24.3,59.6,0,,,,0,1,Houssem Aouar (Algeria) wins a free kick in the attacking half.
760433_49537245,760433,ARG-ALG GS,2026-06-17,49537245,90'+5',90.05,2,Argentina,1,Nico Paz,Ramy Bensebaini,attacking half,48.0,41.7,0,,,,0,1,Ramy Bensebaini (Algeria) wins a free kick in the attacking half.
760456_49582963,760456,ARG-AUT GS,2026-06-22,49582963,4',4.0,1,Austria,0,,,,13.2,56.4,0,,,,0,0,Penalty conceded by Stefan Posch (Austria) after a foul in the penalty area.
760456_49583013,760456,ARG-AUT GS,2026-06-22,49583013,10',10.0,1,Austria,0,Romano Schmid,,,84.5,4.8,0,,,,0,0,Foul by Romano Schmid (Austria).
760456_49583016,760456,ARG-AUT GS,2026-06-22,49583016,11',11.0,1,Argentina,1,Lisandro Martínez,Michael Gregoritsch,attacking half,42.7,56.6,0,,,,0,1,Michael Gregoritsch (Austria) wins a free kick in the attacking half.
760456_49583051,760456,ARG-AUT GS,2026-06-22,49583051,14',14.0,1,Argentina,1,Alexis Mac Allister,,,11.8,17.3,0,,,,0,1,Foul by Alexis Mac Allister (Argentina).
760456_49583113,760456,ARG-AUT GS,2026-06-22,49583113,18',18.0,1,Austria,0,Paul Wanner,,,53.6,44.3,0,,,,0,0,Foul by Paul Wanner (Austria).
760456_49583185,760456,ARG-AUT GS,2026-06-22,49583185,21',21.0,1,Argentina,1,Lautaro Martínez,,,63.6,9.6,0,,,,0,1,Foul by Lautaro Martínez (Argentina).
760456_49583319,760456,ARG-AUT GS,2026-06-22,49583319,32',32.0,1,Argentina,1,Facundo Medina,Romano Schmid,defensive half,27.6,9.6,0,,,,0,1,Romano Schmid (Austria) wins a free kick in the defensive half.
760456_49583392,760456,ARG-AUT GS,2026-06-22,49583392,35',35.0,1,Argentina,1,Nahuel Molina,Marcel Sabitzer,attacking half,42.2,38.8,0,,,,0,1,Marcel Sabitzer (Austria) wins a free kick in the attacking half.
760456_49583480,760456,ARG-AUT GS,2026-06-22,49583480,43',43.0,1,Austria,0,Kevin Danso,,,58.0,4.5,0,,,,0,0,Foul by Kevin Danso (Austria).
760456_49583488,760456,ARG-AUT GS,2026-06-22,49583488,44',44.0,1,Argentina,1,Alexis Mac Allister,Romano Schmid,attacking half,35.0,61.4,0,,,,0,1,Romano Schmid (Austria) wins a free kick in the attacking half.
760456_49583505,760456,ARG-AUT GS,2026-06-22,49583505,45',45.0,1,Argentina,1,Enzo Fernández,Romano Schmid,attacking half,38.2,57.8,0,,,,0,1,Romano Schmid (Austria) wins a free kick in the attacking half.
760456_49583538,760456,ARG-AUT GS,2026-06-22,49583538,45'+2',45.02,1,Argentina,1,Lautaro Martínez,Konrad Laimer,left wing,25.0,3.4,0,,,,0,1,Konrad Laimer (Austria) wins a free kick on the left wing.
760456_49583724,760456,ARG-AUT GS,2026-06-22,49583724,48',48.0,2,Austria,0,Xaver Schlager,,,57.0,63.4,0,,,,0,0,Foul by Xaver Schlager (Austria).
760456_49583796,760456,ARG-AUT GS,2026-06-22,49583796,52',52.0,2,Austria,0,Xaver Schlager,,,31.1,55.6,0,,,,0,0,Foul by Xaver Schlager (Austria).
760456_49583806,760456,ARG-AUT GS,2026-06-22,49583806,53',53.0,2,Argentina,1,Enzo Fernández,Romano Schmid,defensive half,24.6,16.8,0,,,,0,1,Romano Schmid (Austria) wins a free kick in the defensive half.
760456_49583823,760456,ARG-AUT GS,2026-06-22,49583823,54',54.0,2,Argentina,1,Cristian Romero,Konrad Laimer,attacking half,21.2,24.0,0,,,,0,1,Konrad Laimer (Austria) wins a free kick in the attacking half.
760456_49583862,760456,ARG-AUT GS,2026-06-22,49583862,57',57.0,2,Austria,0,Paul Wanner,,,73.2,35.6,0,,,,0,0,Foul by Paul Wanner (Austria).
760456_49584162,760456,ARG-AUT GS,2026-06-22,49584162,75',75.0,2,Austria,0,Xaver Schlager,,,83.6,9.6,1,yellow-card,76',,0,0,Foul by Xaver Schlager (Austria).
760456_49584173,760456,ARG-AUT GS,2026-06-22,49584173,76',76.0,2,Austria,0,Konrad Laimer,,,65.3,7.8,1,yellow-card,76',,0,0,Foul by Konrad Laimer (Austria).
760456_49584379,760456,ARG-AUT GS,2026-06-22,49584379,88',88.0,2,Austria,0,Patrick Wimmer,,,76.4,9.8,0,,,,0,0,Foul by Patrick Wimmer (Austria).
760456_49584399,760456,ARG-AUT GS,2026-06-22,49584399,89',89.0,2,Argentina,1,Nicolás Otamendi,Patrick Wimmer,left wing,40.2,20.8,1,yellow-card,90'+2',,0,0,Patrick Wimmer (Austria) wins a free kick on the left wing.
760456_49584427,760456,ARG-AUT GS,2026-06-22,49584427,90'+1',90.01,2,Austria,0,Patrick Wimmer,,,9.4,15.9,0,,,,0,0,Foul by Patrick Wimmer (Austria).
760456_49584444,760456,ARG-AUT GS,2026-06-22,49584444,90'+2',90.02,2,Argentina,1,Leandro Paredes,Carney Chukwuemeka,attacking half,59.2,54.0,1,yellow-card,90'+2',,0,0,Carney Chukwuemeka (Austria) wins a free kick in the attacking half.
760456_49584501,760456,ARG-AUT GS,2026-06-22,49584501,90'+7',90.07,2,Austria,0,Patrick Wimmer,,,29.8,65.9,0,,,,0,0,Foul by Patrick Wimmer (Austria).
760456_49584502,760456,ARG-AUT GS,2026-06-22,49584502,90'+7',90.07,2,Austria,0,,Lionel Messi,attacking half,70.6,33.8,0,,,,0,0,Lionel Messi (Argentina) wins a free kick in the attacking half.
760483_49645164,760483,JOR-ARG GS,2026-06-28,49645164,1',1.0,1,Argentina,1,Giuliano Simeone,,,40.6,14.6,0,,,,0,1,Foul by Giuliano Simeone (Argentina).
760483_49645753,760483,JOR-ARG GS,2026-06-28,49645753,17',17.0,1,Jordan,0,Mohannad Abu Taha,,,18.4,63.6,1,yellow-card,17',,0,0,Foul by Mohannad Abu Taha (Jordan).
760483_49646031,760483,JOR-ARG GS,2026-06-28,49646031,28',28.0,1,Jordan,0,,,,6.0,49.2,0,,,,0,0,Penalty conceded by Nizar Al Rashdan (Jordan) after a foul in the penalty area.
760483_49646087,760483,JOR-ARG GS,2026-06-28,49646087,32',32.0,1,Argentina,1,Giovani Lo Celso,Ali Olwan,right wing,49.8,88.6,0,,,,0,1,Ali Olwan (Jordan) wins a free kick on the right wing.
760483_49646100,760483,JOR-ARG GS,2026-06-28,49646100,33',33.0,1,Argentina,1,Exequiel Palacios,Odeh Fakhoury,attacking half,45.4,23.8,0,,,,0,1,Odeh Fakhoury (Jordan) wins a free kick in the attacking half.
760483_49646135,760483,JOR-ARG GS,2026-06-28,49646135,34',34.0,1,Argentina,1,Nico Paz,Nizar Al Rashdan,defensive half,69.7,76.0,0,,,,0,1,Nizar Al Rashdan (Jordan) wins a free kick in the defensive half.
760483_49646409,760483,JOR-ARG GS,2026-06-28,49646409,41',41.0,1,Jordan,0,Yazan Al Arab,,,93.4,91.6,0,,,,0,0,Foul by Yazan Al Arab (Jordan).
760483_49646454,760483,JOR-ARG GS,2026-06-28,49646454,42',42.0,1,Argentina,1,Lautaro Martínez,Ali Azaizeh,defensive half,72.2,77.0,0,,,,0,1,Ali Azaizeh (Jordan) wins a free kick in the defensive half.
760483_49646614,760483,JOR-ARG GS,2026-06-28,49646614,45'+2',45.02,1,Jordan,0,Odeh Fakhoury,,,68.8,45.6,0,,,,0,0,Foul by Odeh Fakhoury (Jordan).
760483_49646644,760483,JOR-ARG GS,2026-06-28,49646644,45'+3',45.03,1,Jordan,0,Yazan Al Arab,,,32.8,75.6,0,,,,0,0,Foul by Yazan Al Arab (Jordan).
760483_49646646,760483,JOR-ARG GS,2026-06-28,49646646,45'+3',45.03,1,Jordan,0,,Nico Paz,attacking half,66.8,25.6,0,,,,0,0,Nico Paz (Argentina) wins a free kick in the attacking half.
760483_49646875,760483,JOR-ARG GS,2026-06-28,49646875,49',49.0,2,Argentina,1,Nicolás Tagliafico,Mousa Al Tamari,defensive half,63.0,89.0,0,,,,0,1,Mousa Al Tamari (Jordan) wins a free kick in the defensive half.
760483_49646888,760483,JOR-ARG GS,2026-06-28,49646888,49',49.0,2,Jordan,0,Ali Olwan,,,83.2,13.4,0,,,,0,0,Foul by Ali Olwan (Jordan).
760483_49647364,760483,JOR-ARG GS,2026-06-28,49647364,64',64.0,2,Jordan,0,Yazan Al Arab,,,29.7,46.5,1,yellow-card,64',,0,0,Foul by Yazan Al Arab (Jordan).
760483_49647445,760483,JOR-ARG GS,2026-06-28,49647445,67',67.0,2,Jordan,0,Mahmoud Al Mardi,,,47.2,65.3,0,,,,0,0,Foul by Mahmoud Al Mardi (Jordan).
760483_49647666,760483,JOR-ARG GS,2026-06-28,49647666,75',75.0,2,Argentina,1,Nicolás Otamendi,Mahmoud Al Mardi,left wing,19.8,13.5,0,,,,0,1,Mahmoud Al Mardi (Jordan) wins a free kick on the left wing.
760483_49647773,760483,JOR-ARG GS,2026-06-28,49647773,79',79.0,2,Jordan,0,Amer Jamous,,,27.8,51.0,0,,,,0,0,Foul by Amer Jamous (Jordan).
760483_49647931,760483,JOR-ARG GS,2026-06-28,49647931,85',85.0,2,Jordan,0,Ehsan Haddad,,,96.8,20.8,0,,,,0,0,Foul by Ehsan Haddad (Jordan).
760483_49648053,760483,JOR-ARG GS,2026-06-28,49648053,88',88.0,2,Jordan,0,Husam Abu Dahab,,,7.9,86.2,0,,,,0,0,Foul by Husam Abu Dahab (Jordan).
760483_49648233,760483,JOR-ARG GS,2026-06-28,49648233,90'+4',90.04,2,Jordan,0,Mohammad Abu Zraiq,,,28.8,52.0,1,yellow-card,90'+4',,0,0,Foul by Mohammad Abu Zraiq (Jordan).
760500_49687202,760500,ARG-CPV R32,2026-07-03,49687202,4',4.0,1,Argentina,1,Rodrigo De Paul,,,37.8,4.4,0,,,,0,1,Foul by Rodrigo De Paul (Argentina).
760500_49687303,760500,ARG-CPV R32,2026-07-03,49687303,10',10.0,1,Argentina,1,Cristian Romero,Jovane Cabral,attacking half,47.0,47.0,0,,,,0,1,Jovane Cabral (Cabo Verde) wins a free kick in the attacking half.
760500_49687420,760500,ARG-CPV R32,2026-07-03,49687420,17',17.0,1,Cape Verde,0,Jovane Cabral,,,24.3,39.1,0,,,,0,0,Foul by Jovane Cabral (Cabo Verde).
760500_49687422,760500,ARG-CPV R32,2026-07-03,49687422,17',17.0,1,Cape Verde,0,,Lionel Messi,attacking half,78.6,61.3,0,,,,0,0,Lionel Messi (Argentina) wins a free kick in the attacking half.
760500_49687602,760500,ARG-CPV R32,2026-07-03,49687602,32',32.0,1,Argentina,1,Nahuel Molina,Jovane Cabral,defensive half,58.6,27.0,0,,,,0,1,Jovane Cabral (Cabo Verde) wins a free kick in the defensive half.
760500_49687737,760500,ARG-CPV R32,2026-07-03,49687737,40',40.0,1,Cape Verde,0,Deroy Duarte,,,64.3,23.9,0,,,,0,0,Foul by Deroy Duarte (Cabo Verde).
760500_49687776,760500,ARG-CPV R32,2026-07-03,49687776,42',42.0,1,Cape Verde,0,Deroy Duarte,,,67.8,75.4,0,,,,0,0,Foul by Deroy Duarte (Cabo Verde).
760500_49687787,760500,ARG-CPV R32,2026-07-03,49687787,43',43.0,1,Cape Verde,0,Diney Borges,,,59.4,92.4,0,,,,0,0,Foul by Diney Borges (Cabo Verde).
760500_49687791,760500,ARG-CPV R32,2026-07-03,49687791,43',43.0,1,Argentina,1,Lautaro Martínez,Vozinha,defensive half,94.2,25.6,0,,,,0,1,Vozinha (Cabo Verde) wins a free kick in the defensive half.
760500_49687872,760500,ARG-CPV R32,2026-07-03,49687872,45'+2',45.02,1,Argentina,1,Lionel Messi,Sidny Cabral,defensive half,69.8,33.8,0,,,,0,1,Sidny Cabral (Cabo Verde) wins a free kick in the defensive half.
760500_49687979,760500,ARG-CPV R32,2026-07-03,49687979,50',50.0,2,Argentina,1,Lautaro Martínez,Pico Lopes,defensive half,59.8,77.2,0,,,,0,1,Pico Lopes (Cabo Verde) wins a free kick in the defensive half.
760500_49688032,760500,ARG-CPV R32,2026-07-03,49688032,53',53.0,2,Argentina,1,Thiago Almada,Steven Moreira,defensive half,69.9,90.2,0,,,,0,1,Steven Moreira (Cabo Verde) wins a free kick in the defensive half.
760500_49688127,760500,ARG-CPV R32,2026-07-03,49688127,58',58.0,2,Argentina,1,Cristian Romero,Laros Duarte,defensive half,55.4,25.1,0,,,,0,1,Laros Duarte (Cabo Verde) wins a free kick in the defensive half.
760500_49688265,760500,ARG-CPV R32,2026-07-03,49688265,68',68.0,2,Cape Verde,0,,Lionel Messi,attacking half,73.0,39.4,1,yellow-card,68',,0,0,Lionel Messi (Argentina) wins a free kick in the attacking half.
760500_49688326,760500,ARG-CPV R32,2026-07-03,49688326,71',71.0,2,Cape Verde,0,Deroy Duarte,,,20.4,35.6,0,,,,0,0,Foul by Deroy Duarte (Cabo Verde).
760500_49688345,760500,ARG-CPV R32,2026-07-03,49688345,77',77.0,2,Argentina,1,Alexis Mac Allister,Jamiro Monteiro,attacking half,32.6,38.4,0,,,,0,1,Jamiro Monteiro (Cabo Verde) wins a free kick in the attacking half.
760500_49688350,760500,ARG-CPV R32,2026-07-03,49688350,78',78.0,2,Cape Verde,0,Dailon Livramento,,,87.0,83.0,0,,,,0,0,Foul by Dailon Livramento (Cabo Verde).
760500_49688366,760500,ARG-CPV R32,2026-07-03,49688366,79',79.0,2,Cape Verde,0,Kevin Pina,,,58.0,12.3,0,,,,0,0,Foul by Kevin Pina (Cabo Verde).
760500_49688594,760500,ARG-CPV R32,2026-07-03,49688594,90'+4',90.04,2,Cape Verde,0,Jamiro Monteiro,,,75.8,37.0,0,,,,0,0,Foul by Jamiro Monteiro (Cabo Verde).
760500_49688599,760500,ARG-CPV R32,2026-07-03,49688599,90'+5',90.05,2,Argentina,1,Julián Alvarez,Vozinha,defensive half,4.6,50.2,0,,,,0,1,Vozinha (Cabo Verde) wins a free kick in the defensive half.
760500_49688604,760500,ARG-CPV R32,2026-07-03,49688604,90'+6',90.06,2,Argentina,1,Nico González,Steven Moreira,attacking half,40.4,74.0,0,,,,0,1,Steven Moreira (Cabo Verde) wins a free kick in the attacking half.
760500_49688637,760500,ARG-CPV R32,2026-07-03,49688637,90'+8',90.08,2,Cape Verde,0,Willy Semedo,,,23.8,96.7,0,,,,0,0,Foul by Willy Semedo (Cabo Verde).
760500_49689253,760500,ARG-CPV R32,2026-07-03,49689253,107',107.0,4,Cape Verde,0,Jamiro Monteiro,,,26.2,71.6,0,,,,0,0,Foul by Jamiro Monteiro (Cabo Verde).
760500_49689336,760500,ARG-CPV R32,2026-07-03,49689336,110',110.0,4,Cape Verde,0,Willy Semedo,,,68.0,8.0,0,,,,0,0,Foul by Willy Semedo (Cabo Verde).
760500_49689475,760500,ARG-CPV R32,2026-07-03,49689475,115',115.0,4,Argentina,1,Gonzalo Montiel,Hélio Varela,left wing,12.4,18.4,1,yellow-card,115',,0,0,Hélio Varela (Cabo Verde) wins a free kick on the left wing.
760509_49730788,760509,ARG-EGY R16,2026-07-07,49730788,5',5.0,1,Argentina,1,Enzo Fernández,Mohamed Salah,defensive half,60.3,83.6,0,,,,0,1,Mohamed Salah (Egypt) wins a free kick in the defensive half.
760509_49730840,760509,ARG-EGY R16,2026-07-07,49730840,7',7.0,1,Argentina,1,Nicolás Tagliafico,,,77.6,5.2,0,,,,0,1,Foul by Nicolás Tagliafico (Argentina).
760509_49730907,760509,ARG-EGY R16,2026-07-07,49730907,11',11.0,1,Argentina,1,Enzo Fernández,Karim Hafez,defensive half,57.8,30.1,0,,,,0,1,Karim Hafez (Egypt) wins a free kick in the defensive half.
760509_49730954,760509,ARG-EGY R16,2026-07-07,49730954,13',13.0,1,Argentina,1,Rodrigo De Paul,Emam Ashour,attacking half,39.2,48.7,0,,,,0,1,Emam Ashour (Egypt) wins a free kick in the attacking half.
760509_49731025,760509,ARG-EGY R16,2026-07-07,49731025,18',18.0,1,Egypt,0,Yasser Ibrahim,,,60.2,14.2,0,,,,0,0,Foul by Yasser Ibrahim (Egypt).
760509_49731036,760509,ARG-EGY R16,2026-07-07,49731036,19',19.0,1,Egypt,0,,,,14.0,30.8,0,,,,0,0,Penalty conceded by Haissem Hassan (Egypt) after a foul in the penalty area.
760509_49731044,760509,ARG-EGY R16,2026-07-07,49731044,21',21.0,1,Argentina,1,Cristian Romero,Emam Ashour,defensive half,60.4,6.6,0,,,,0,1,Emam Ashour (Egypt) wins a free kick in the defensive half.
760509_49731075,760509,ARG-EGY R16,2026-07-07,49731075,23',23.0,1,Argentina,1,Lisandro Martínez,Mohamed Salah,defensive half,41.4,22.0,0,,,,0,1,Mohamed Salah (Egypt) wins a free kick in the defensive half.
760509_49731162,760509,ARG-EGY R16,2026-07-07,49731162,30',30.0,1,Egypt,0,Marwan Attia,,,32.2,43.4,0,,,,0,0,Foul by Marwan Attia (Egypt).
760509_49731195,760509,ARG-EGY R16,2026-07-07,49731195,33',33.0,1,Egypt,0,Mohanad Lasheen,,,74.8,20.3,0,,,,0,0,Foul by Mohanad Lasheen (Egypt).
760509_49731385,760509,ARG-EGY R16,2026-07-07,49731385,44',44.0,1,Egypt,0,Marwan Attia,,,38.2,78.9,0,,,,0,0,Foul by Marwan Attia (Egypt).
760509_49731396,760509,ARG-EGY R16,2026-07-07,49731396,45',45.0,1,Argentina,1,Julián Alvarez,Mohamed Salah,attacking half,55.8,74.2,0,,,,0,1,Mohamed Salah (Egypt) wins a free kick in the attacking half.
760509_49731436,760509,ARG-EGY R16,2026-07-07,49731436,45'+2',45.02,1,Argentina,1,Julián Alvarez,Ramy Rabia,defensive half,60.6,26.0,0,,,,0,1,Ramy Rabia (Egypt) wins a free kick in the defensive half.
760509_49731511,760509,ARG-EGY R16,2026-07-07,49731511,46',46.0,2,Argentina,1,Lisandro Martínez,Mohamed Salah,defensive half,56.3,16.4,0,,,,0,1,Mohamed Salah (Egypt) wins a free kick in the defensive half.
760509_49731548,760509,ARG-EGY R16,2026-07-07,49731548,48',48.0,2,Argentina,1,Julián Alvarez,Mostafa Shobeir,defensive half,96.6,47.0,0,,,,0,1,Mostafa Shobeir (Egypt) wins a free kick in the defensive half.
760509_49731551,760509,ARG-EGY R16,2026-07-07,49731551,48',48.0,2,Argentina,1,Nicolás Tagliafico,Haissem Hassan,defensive half,60.3,83.2,0,,,,0,1,Haissem Hassan (Egypt) wins a free kick in the defensive half.
760509_49731628,760509,ARG-EGY R16,2026-07-07,49731628,52',52.0,2,Egypt,0,Mohamed Salah,,,29.6,31.6,0,,,,0,0,Foul by Mohamed Salah (Egypt).
760509_49731691,760509,ARG-EGY R16,2026-07-07,49731691,55',55.0,2,Egypt,0,Hamdi Fathy,,,28.6,75.2,0,,,,0,0,Foul by Hamdi Fathy (Egypt).
760509_49731757,760509,ARG-EGY R16,2026-07-07,49731757,58',58.0,2,Egypt,0,Marwan Attia,,,11.4,13.5,0,,,,0,0,Foul by Marwan Attia (Egypt).
760509_49731820,760509,ARG-EGY R16,2026-07-07,49731820,64',64.0,2,Egypt,0,Mohamed Salah,,,43.0,15.8,0,,,,0,0,Foul by Mohamed Salah (Egypt).
760509_49732163,760509,ARG-EGY R16,2026-07-07,49732163,87',87.0,2,Argentina,1,Nico González,Omar Marmoush,defensive half,63.6,91.6,0,,,,0,1,Omar Marmoush (Egypt) wins a free kick in the defensive half.
760509_49732199,760509,ARG-EGY R16,2026-07-07,49732199,89',89.0,2,Egypt,0,Karim Hafez,,,26.2,92.2,1,yellow-card,90'+3',,0,0,Foul by Karim Hafez (Egypt).
760509_49732287,760509,ARG-EGY R16,2026-07-07,49732287,90'+7',90.07,2,Argentina,1,Nico González,Zizo,defensive half,72.0,93.6,0,,,,0,1,Zizo (Egypt) wins a free kick in the defensive half.
760509_49732296,760509,ARG-EGY R16,2026-07-07,49732296,90'+8',90.08,2,Egypt,0,Marwan Attia,,,46.7,65.8,1,yellow-card,90'+8',,0,0,Foul by Marwan Attia (Egypt).
760513_49769481,760513,ARG-SUI QF,2026-07-12,49769481,1',1.0,1,Switzerland,0,Denis Zakaria,Alexis Mac Allister,defensive half,93.2,5.1,0,,,,0,0,Alexis Mac Allister (Argentina) wins a free kick in the defensive half.
760513_49769543,760513,ARG-SUI QF,2026-07-12,49769543,3',3.0,1,Argentina,1,Julián Alvarez,,,73.0,3.4,0,,,,0,1,Foul by Julián Alvarez (Argentina).
760513_49769859,760513,ARG-SUI QF,2026-07-12,49769859,13',13.0,1,Argentina,1,Cristian Romero,,,52.8,15.1,0,,,,0,1,Foul by Cristian Romero (Argentina).
760513_49770014,760513,ARG-SUI QF,2026-07-12,49770014,17',17.0,1,Switzerland,0,,Rodrigo De Paul,defensive half,19.0,12.1,0,,,,0,0,Rodrigo De Paul (Argentina) wins a free kick in the defensive half.
760513_49770012,760513,ARG-SUI QF,2026-07-12,49770012,17',17.0,1,Switzerland,0,Ricardo Rodríguez,,,81.4,88.4,0,,,,0,0,Foul by Ricardo Rodríguez (Switzerland).
760513_49770160,760513,ARG-SUI QF,2026-07-12,49770160,22',22.0,1,Switzerland,0,Fabian Rieder,Nicolás Tagliafico,defensive half,32.3,97.8,0,,,,0,0,Nicolás Tagliafico (Argentina) wins a free kick in the defensive half.
760513_49770170,760513,ARG-SUI QF,2026-07-12,49770170,23',23.0,1,Switzerland,0,Djibril Sow,Lisandro Martínez,left wing,43.2,6.5,0,,,,0,0,Lisandro Martínez (Argentina) wins a free kick on the left wing.
760513_49770296,760513,ARG-SUI QF,2026-07-12,49770296,28',28.0,1,Switzerland,0,Granit Xhaka,Rodrigo De Paul,defensive half,68.8,81.2,0,,,,0,0,Rodrigo De Paul (Argentina) wins a free kick in the defensive half.
760513_49770429,760513,ARG-SUI QF,2026-07-12,49770429,32',32.0,1,Switzerland,0,Dan Ndoye,Rodrigo De Paul,defensive half,82.8,76.2,0,,,,0,0,Rodrigo De Paul (Argentina) wins a free kick in the defensive half.
760513_49770527,760513,ARG-SUI QF,2026-07-12,49770527,35',35.0,1,Argentina,1,Julián Alvarez,,,22.8,4.6,0,,,,0,1,Foul by Julián Alvarez (Argentina).
760513_49770564,760513,ARG-SUI QF,2026-07-12,49770564,36',36.0,1,Argentina,1,Leandro Paredes,,,59.3,67.2,0,,,,0,1,Foul by Leandro Paredes (Argentina).
760513_49770655,760513,ARG-SUI QF,2026-07-12,49770655,39',39.0,1,Switzerland,0,Denis Zakaria,Nicolás Tagliafico,defensive half,89.7,24.8,0,,,,0,0,Nicolás Tagliafico (Argentina) wins a free kick in the defensive half.
760513_49770665,760513,ARG-SUI QF,2026-07-12,49770665,40',40.0,1,Argentina,1,Lisandro Martínez,,,40.8,86.8,0,,,,0,1,Foul by Lisandro Martínez (Argentina).
760513_49770693,760513,ARG-SUI QF,2026-07-12,49770693,42',42.0,1,Argentina,1,Leandro Paredes,,,6.4,17.0,0,,,,0,1,Foul by Leandro Paredes (Argentina).
760513_49770709,760513,ARG-SUI QF,2026-07-12,49770709,44',44.0,1,Switzerland,0,Breel Embolo,Leandro Paredes,defensive half,51.0,63.4,1,yellow-card,44',,0,0,Leandro Paredes (Argentina) wins a free kick in the defensive half.
760513_49770723,760513,ARG-SUI QF,2026-07-12,49770723,45',45.0,1,Argentina,1,Lisandro Martínez,,,44.8,26.4,0,,,,0,1,Foul by Lisandro Martínez (Argentina).
760513_49770745,760513,ARG-SUI QF,2026-07-12,49770745,45'+3',45.03,1,Switzerland,0,Djibril Sow,Nicolás Tagliafico,left wing,32.7,3.8,1,yellow-card,44',,0,0,Nicolás Tagliafico (Argentina) wins a free kick on the left wing.
760513_49771073,760513,ARG-SUI QF,2026-07-12,49771073,48',48.0,2,Argentina,1,Nicolás Tagliafico,,,30.6,92.1,0,,,,0,1,Foul by Nicolás Tagliafico (Argentina).
760513_49771361,760513,ARG-SUI QF,2026-07-12,49771361,59',59.0,2,Switzerland,0,Remo Freuler,Alexis Mac Allister,defensive half,41.4,76.9,0,,,,0,0,Alexis Mac Allister (Argentina) wins a free kick in the defensive half.
760513_49771472,760513,ARG-SUI QF,2026-07-12,49771472,62',62.0,2,Switzerland,0,Djibril Sow,Nicolás Tagliafico,attacking half,37.4,23.7,0,,,,0,0,Nicolás Tagliafico (Argentina) wins a free kick in the attacking half.
760513_49771856,760513,ARG-SUI QF,2026-07-12,49771856,79',79.0,2,Argentina,1,Julián Alvarez,,,53.0,7.9,0,,,,0,1,Foul by Julián Alvarez (Argentina).
760513_49772249,760513,ARG-SUI QF,2026-07-12,49772249,90'+9',90.09,2,Argentina,1,Gonzalo Montiel,Miro Muheim,defensive half,12.1,67.0,0,,,,0,1,Miro Muheim (Switzerland) wins a free kick in the defensive half.
760513_49772401,760513,ARG-SUI QF,2026-07-12,49772401,97',97.0,3,Argentina,1,Thiago Almada,Remo Freuler,right wing,37.2,82.8,1,yellow-card,97',,0,0,Remo Freuler (Switzerland) wins a free kick on the right wing.
760513_49772407,760513,ARG-SUI QF,2026-07-12,49772407,98',98.0,3,Switzerland,0,Manuel Akanji,,,90.3,63.5,0,,,,0,0,Foul by Manuel Akanji (Switzerland).
760513_49772413,760513,ARG-SUI QF,2026-07-12,49772413,98',98.0,3,Argentina,1,Lautaro Martínez,Manuel Akanji,defensive half,97.4,25.6,1,yellow-card,98',,0,0,Manuel Akanji (Switzerland) wins a free kick in the defensive half.
760513_49772476,760513,ARG-SUI QF,2026-07-12,49772476,102',102.0,3,Switzerland,0,Zeki Amdouni,,,27.2,63.7,0,,,,0,0,Foul by Zeki Amdouni (Switzerland).
760513_49772478,760513,ARG-SUI QF,2026-07-12,49772478,102',102.0,3,Switzerland,0,,Lionel Messi,attacking half,72.6,36.3,0,,,,0,0,Lionel Messi (Argentina) wins a free kick in the attacking half.
760513_49772582,760513,ARG-SUI QF,2026-07-12,49772582,107',107.0,4,Argentina,1,Alexis Mac Allister,Miro Muheim,left wing,30.7,2.4,0,,,,0,1,Miro Muheim (Switzerland) wins a free kick on the left wing.
760513_49772632,760513,ARG-SUI QF,2026-07-12,49772632,110',110.0,4,Switzerland,0,Manuel Akanji,,,52.2,27.4,0,,,,0,0,Foul by Manuel Akanji (Switzerland).
760513_49772722,760513,ARG-SUI QF,2026-07-12,49772722,118',118.0,4,Argentina,1,José Manuel López,Ardon Jashari,left wing,34.2,9.2,0,,,,0,1,Ardon Jashari (Switzerland) wins a free kick on the left wing.
760515_49796217,760515,ENG-ARG SF,2026-07-15,49796217,2',2.0,1,Argentina,1,Leandro Paredes,,,58.0,21.0,0,,,,0,1,Foul by Leandro Paredes (Argentina).
760515_49796242,760515,ENG-ARG SF,2026-07-15,49796242,3',3.0,1,Argentina,1,Enzo Fernández,,,45.4,66.2,0,,,SF01,1,1,Foul by Enzo Fernández (Argentina).
760515_49796298,760515,ENG-ARG SF,2026-07-15,49796298,6',6.0,1,Argentina,1,Giuliano Simeone,,,65.6,9.2,0,,,,0,1,Foul by Giuliano Simeone (Argentina).
760515_49796310,760515,ENG-ARG SF,2026-07-15,49796310,8',8.0,1,England,0,,Julián Alvarez,defensive half,30.2,53.7,0,,,,0,0,Julián Alvarez (Argentina) wins a free kick in the defensive half.
760515_49796323,760515,ENG-ARG SF,2026-07-15,49796323,9',9.0,1,England,0,Reece James,Nicolás Tagliafico,defensive half,69.9,32.0,0,,,,0,0,Nicolás Tagliafico (Argentina) wins a free kick in the defensive half.
760515_49796334,760515,ENG-ARG SF,2026-07-15,49796334,9',9.0,1,Argentina,1,Giuliano Simeone,Elliot Anderson,defensive half,59.3,35.2,0,,,,0,1,Elliot Anderson (England) wins a free kick in the defensive half.
760515_49796343,760515,ENG-ARG SF,2026-07-15,49796343,10',10.0,1,England,0,Elliot Anderson,,,66.8,52.8,0,,,,0,0,Foul by Elliot Anderson (England).
760515_49796448,760515,ENG-ARG SF,2026-07-15,49796448,16',16.0,1,Argentina,1,Giuliano Simeone,Anthony Gordon,defensive half,59.0,4.6,0,,,,0,1,Anthony Gordon (England) wins a free kick in the defensive half.
760515_49796537,760515,ENG-ARG SF,2026-07-15,49796537,21',21.0,1,England,0,Morgan Rogers,,,76.7,44.3,0,,,,0,0,Foul by Morgan Rogers (England).
760515_49796562,760515,ENG-ARG SF,2026-07-15,49796562,23',23.0,1,England,0,Jude Bellingham,,,41.8,70.4,0,,,,0,0,Foul by Jude Bellingham (England).
760515_49796564,760515,ENG-ARG SF,2026-07-15,49796564,23',23.0,1,England,0,,Alexis Mac Allister,attacking half,60.1,29.7,0,,,,0,0,Alexis Mac Allister (Argentina) wins a free kick in the attacking half.
760515_49796570,760515,ENG-ARG SF,2026-07-15,49796570,25',25.0,1,Argentina,1,Giuliano Simeone,Jordan Pickford,defensive half,97.0,49.6,0,,,,0,1,Jordan Pickford (England) wins a free kick in the defensive half.
760515_49796628,760515,ENG-ARG SF,2026-07-15,49796628,30',30.0,1,England,0,Anthony Gordon,,,63.6,70.5,0,,,,0,0,Foul by Anthony Gordon (England).
760515_49796657,760515,ENG-ARG SF,2026-07-15,49796657,32',32.0,1,Argentina,1,Enzo Fernández,Jude Bellingham,attacking half,26.4,23.3,0,,,,0,1,Jude Bellingham (England) wins a free kick in the attacking half.
760515_49796672,760515,ENG-ARG SF,2026-07-15,49796672,34',34.0,1,Argentina,1,Giuliano Simeone,Marc Guéhi,defensive half,59.8,20.2,0,,,,0,1,Marc Guéhi (England) wins a free kick in the defensive half.
760515_49796694,760515,ENG-ARG SF,2026-07-15,49796694,35',35.0,1,Argentina,1,Nahuel Molina,Jude Bellingham,left wing,16.4,14.2,0,,,,0,1,Jude Bellingham (England) wins a free kick on the left wing.
760515_49796709,760515,ENG-ARG SF,2026-07-15,49796709,37',37.0,1,England,0,Elliot Anderson,,,36.6,69.4,1,yellow-card,37',,0,0,Foul by Elliot Anderson (England).
760515_49796782,760515,ENG-ARG SF,2026-07-15,49796782,42',42.0,1,Argentina,1,Lisandro Martínez,Morgan Rogers,defensive half,61.8,52.2,1,yellow-card,42',,0,0,Morgan Rogers (England) wins a free kick in the defensive half.
760515_49796805,760515,ENG-ARG SF,2026-07-15,49796805,43',43.0,1,Argentina,1,Enzo Fernández,Elliot Anderson,defensive half,61.3,24.2,1,yellow-card,42',,0,0,Elliot Anderson (England) wins a free kick in the defensive half.
760515_49796908,760515,ENG-ARG SF,2026-07-15,49796908,45'+3',45.03,1,Argentina,1,,Reece James,right wing,44.8,86.7,0,,,,0,1,Reece James (England) wins a free kick on the right wing.
760515_49797059,760515,ENG-ARG SF,2026-07-15,49797059,51',51.0,2,Argentina,1,Cristian Romero,Jude Bellingham,defensive half,44.2,69.2,1,yellow-card,51',,0,0,Jude Bellingham (England) wins a free kick in the defensive half.
760515_49797086,760515,ENG-ARG SF,2026-07-15,49797086,53',53.0,2,England,0,Jude Bellingham,,,51.3,21.6,0,,,,0,0,Foul by Jude Bellingham (England).
760515_49797339,760515,ENG-ARG SF,2026-07-15,49797339,67',67.0,2,England,0,Morgan Rogers,,,61.2,4.8,0,,,,0,0,Foul by Morgan Rogers (England).
760515_49797368,760515,ENG-ARG SF,2026-07-15,49797368,69',69.0,2,Argentina,1,Cristian Romero,Djed Spence,defensive half,95.2,76.8,0,,,,0,1,Djed Spence (England) wins a free kick in the defensive half.
760515_49797543,760515,ENG-ARG SF,2026-07-15,49797543,81',81.0,2,Argentina,1,Nico González,Harry Kane,defensive half,23.4,27.4,0,,,,0,1,Harry Kane (England) wins a free kick in the defensive half.
760515_49797746,760515,ENG-ARG SF,2026-07-15,49797746,90'+9',90.09,2,England,0,Jude Bellingham,,,63.3,68.2,0,,,,0,0,Foul by Jude Bellingham (England).
760515_49797778,760515,ENG-ARG SF,2026-07-15,49797778,90'+12',90.12,2,England,0,Dan Burn,,,90.8,45.1,0,,,,0,0,Foul by Dan Burn (England).
760517_49878814,760517,ESP-ARG Final,2026-07-19,49878814,2',2.0,1,Spain,0,Pedro Porro,Nico González,defensive half,65.4,31.2,0,,,,0,0,Nico González (Argentina) wins a free kick in the defensive half.
760517_49878856,760517,ESP-ARG Final,2026-07-19,49878856,4',4.0,1,Argentina,1,Gonzalo Montiel,Álex Baena,defensive half,53.3,12.2,0,,,,0,1,Álex Baena (Spain) wins a free kick in the defensive half.
760517_49878952,760517,ESP-ARG Final,2026-07-19,49878952,8',8.0,1,Spain,0,Lamine Yamal,Nicolás Tagliafico,defensive half,17.4,93.4,0,,,,0,0,Nicolás Tagliafico (Argentina) wins a free kick in the defensive half.
760517_49879055,760517,ESP-ARG Final,2026-07-19,49879055,14',14.0,1,Argentina,1,Alexis Mac Allister,,,56.7,87.8,0,,,F01,1,1,Foul by Alexis Mac Allister (Argentina).
760517_49879065,760517,ESP-ARG Final,2026-07-19,49879065,16',16.0,1,Spain,0,Álex Baena,Lionel Messi,attacking half,35.0,45.8,0,,,,0,0,Lionel Messi (Argentina) wins a free kick in the attacking half.
760517_49879092,760517,ESP-ARG Final,2026-07-19,49879092,18',18.0,1,Argentina,1,Nicolás Tagliafico,,,58.7,91.1,0,,,F02,1,1,Foul by Nicolás Tagliafico (Argentina).
760517_49879106,760517,ESP-ARG Final,2026-07-19,49879106,20',20.0,1,Spain,0,Dani Olmo,Enzo Fernández,defensive half,87.6,93.1,0,,,,0,0,Enzo Fernández (Argentina) wins a free kick in the defensive half.
760517_49879176,760517,ESP-ARG Final,2026-07-19,49879176,24',24.0,1,Spain,0,Rodri,Lionel Messi,defensive half,61.0,38.2,0,,,,0,0,Lionel Messi (Argentina) wins a free kick in the defensive half.
760517_49879205,760517,ESP-ARG Final,2026-07-19,49879205,29',29.0,1,Argentina,1,Nicolás Tagliafico,,,64.3,93.3,0,,,F02,1,1,Foul by Nicolás Tagliafico (Argentina).
760517_49879277,760517,ESP-ARG Final,2026-07-19,49879277,33',33.0,1,Spain,0,Rodri,Alexis Mac Allister,left wing,66.2,95.2,0,,,,0,0,Alexis Mac Allister (Argentina) wins a free kick on the left wing.
760517_49879285,760517,ESP-ARG Final,2026-07-19,49879285,34',34.0,1,Argentina,1,Julián Alvarez,,,25.3,19.4,0,,,,0,1,Foul by Julián Alvarez (Argentina).
760517_49879313,760517,ESP-ARG Final,2026-07-19,49879313,36',36.0,1,Argentina,1,Nicolás Tagliafico,,,70.2,94.4,0,,,F02,1,1,Foul by Nicolás Tagliafico (Argentina).
760517_49879353,760517,ESP-ARG Final,2026-07-19,49879353,38',38.0,1,Argentina,1,Julián Alvarez,,,47.4,86.3,0,,,,0,1,Foul by Julián Alvarez (Argentina).
760517_49879409,760517,ESP-ARG Final,2026-07-19,49879409,41',41.0,1,Argentina,1,Lisandro Martínez,,,31.0,60.3,1,yellow-card,41',,0,0,Foul by Lisandro Martínez (Argentina).
760517_49879526,760517,ESP-ARG Final,2026-07-19,49879526,45'+3',45.03,1,Spain,0,Mikel Oyarzabal,Lionel Messi,defensive half,31.2,34.6,0,,,,0,0,Lionel Messi (Argentina) wins a free kick in the defensive half.
760517_49879630,760517,ESP-ARG Final,2026-07-19,49879630,50',50.0,2,Spain,0,Álex Baena,Rodrigo De Paul,defensive half,76.6,92.5,0,,,,0,0,Rodrigo De Paul (Argentina) wins a free kick in the defensive half.
760517_49879640,760517,ESP-ARG Final,2026-07-19,49879640,51',51.0,2,Spain,0,Álex Baena,Gonzalo Montiel,right wing,39.8,93.8,0,,,,0,0,Gonzalo Montiel (Argentina) wins a free kick on the right wing.
760517_49879650,760517,ESP-ARG Final,2026-07-19,49879650,52',52.0,2,Argentina,1,Leandro Paredes,,,56.8,46.0,1,yellow-card,52',,0,0,Foul by Leandro Paredes (Argentina).
760517_49879672,760517,ESP-ARG Final,2026-07-19,49879672,54',54.0,2,Spain,0,Pedro Porro,Julián Alvarez,defensive half,59.0,10.1,0,,,,0,0,Julián Alvarez (Argentina) wins a free kick in the defensive half.
760517_49879678,760517,ESP-ARG Final,2026-07-19,49879678,54',54.0,2,Spain,0,Álex Baena,Gonzalo Montiel,defensive half,78.1,94.8,0,,,,0,0,Gonzalo Montiel (Argentina) wins a free kick in the defensive half.
760517_49879710,760517,ESP-ARG Final,2026-07-19,49879710,56',56.0,2,Argentina,1,Julián Alvarez,,,52.8,36.2,0,,,,0,1,Foul by Julián Alvarez (Argentina).
760517_49879711,760517,ESP-ARG Final,2026-07-19,49879711,56',56.0,2,Argentina,1,,Aymeric Laporte,defensive half,47.2,62.6,0,,,,0,1,Aymeric Laporte (Spain) wins a free kick in the defensive half.
760517_49879759,760517,ESP-ARG Final,2026-07-19,49879759,60',60.0,2,Argentina,1,Leandro Paredes,,,24.2,73.3,0,,,,0,1,Foul by Leandro Paredes (Argentina).
760517_49879773,760517,ESP-ARG Final,2026-07-19,49879773,62',62.0,2,Argentina,1,Nicolás Otamendi,,,23.0,90.6,0,,,,0,1,Foul by Nicolás Otamendi (Argentina).
760517_49879939,760517,ESP-ARG Final,2026-07-19,49879939,76',76.0,2,Argentina,1,Leandro Paredes,,,33.8,34.0,0,,,,0,1,Foul by Leandro Paredes (Argentina).
760517_49880030,760517,ESP-ARG Final,2026-07-19,49880030,81',81.0,2,Argentina,1,Giuliano Simeone,,,73.2,38.3,1,yellow-card,82',,0,0,Foul by Giuliano Simeone (Argentina).
760517_49880083,760517,ESP-ARG Final,2026-07-19,49880083,84',84.0,2,Argentina,1,Enzo Fernández,,,63.4,33.8,1,yellow-card,82',,0,0,Foul by Enzo Fernández (Argentina).
760517_49880179,760517,ESP-ARG Final,2026-07-19,49880179,90'+1',90.01,2,Spain,0,Ferran Torres,Nicolás Otamendi,defensive half,41.7,17.7,0,,,,0,0,Nicolás Otamendi (Argentina) wins a free kick in the defensive half.
760517_49880188,760517,ESP-ARG Final,2026-07-19,49880188,90'+1',90.01,2,Spain,0,Aymeric Laporte,Lionel Messi,attacking half,35.4,76.6,0,,,,0,0,Lionel Messi (Argentina) wins a free kick in the attacking half.
760517_49880212,760517,ESP-ARG Final,2026-07-19,49880212,90'+3',90.03,2,Argentina,1,Enzo Fernández,,,54.0,29.3,1,red-card,90'+3',,0,0,Foul by Enzo Fernández (Argentina).
760517_49880237,760517,ESP-ARG Final,2026-07-19,49880237,90'+6',90.06,2,Argentina,1,Leandro Paredes,,,23.0,45.2,1,yellow-card,90'+2',,0,0,Foul by Leandro Paredes (Argentina).
760517_49880277,760517,ESP-ARG Final,2026-07-19,49880277,92',92.0,3,Spain,0,Pedro Porro,Nicolás Tagliafico,defensive half,27.4,76.4,0,,,,0,0,Nicolás Tagliafico (Argentina) wins a free kick in the defensive half.
760517_49880298,760517,ESP-ARG Final,2026-07-19,49880298,93',93.0,3,Spain,0,Pedri,Alexis Mac Allister,defensive half,70.4,44.0,0,,,,0,0,Alexis Mac Allister (Argentina) wins a free kick in the defensive half.
760517_49880311,760517,ESP-ARG Final,2026-07-19,49880311,94',94.0,3,Argentina,1,Giuliano Simeone,,,65.4,29.2,0,,,,0,1,Foul by Giuliano Simeone (Argentina).
760517_49880352,760517,ESP-ARG Final,2026-07-19,49880352,96',96.0,3,Spain,0,Mikel Merino,Nicolás Otamendi,defensive half,87.8,47.3,0,,,,0,0,Nicolás Otamendi (Argentina) wins a free kick in the defensive half.
760517_49880377,760517,ESP-ARG Final,2026-07-19,49880377,100',100.0,3,Argentina,1,Lionel Messi,,,56.6,77.1,0,,,,0,1,Foul by Lionel Messi (Argentina).
760517_49880504,760517,ESP-ARG Final,2026-07-19,49880504,105'+3',105.03,3,Argentina,1,Giuliano Simeone,,,82.2,92.2,0,,,,0,1,Foul by Giuliano Simeone (Argentina).
760517_49880506,760517,ESP-ARG Final,2026-07-19,49880506,105'+3',105.03,3,Argentina,1,,Pedro Porro,defensive half,16.4,7.6,0,,,,0,1,Pedro Porro (Spain) wins a free kick in the defensive half.
760517_49880534,760517,ESP-ARG Final,2026-07-19,49880534,108',108.0,4,Spain,0,Lamine Yamal,Nicolás Tagliafico,attacking half,43.6,36.0,0,,,,0,0,Nicolás Tagliafico (Argentina) wins a free kick in the attacking half.
760517_49880588,760517,ESP-ARG Final,2026-07-19,49880588,111',111.0,4,Argentina,1,Alexis Mac Allister,,,73.6,7.4,1,yellow-card,111',,0,0,Foul by Alexis Mac Allister (Argentina).
760517_49880598,760517,ESP-ARG Final,2026-07-19,49880598,111',111.0,4,Argentina,1,Nicolás Tagliafico,,,59.2,85.6,1,yellow-card,111',,0,0,Foul by Nicolás Tagliafico (Argentina).
760517_49880643,760517,ESP-ARG Final,2026-07-19,49880643,114',114.0,4,Spain,0,Nico Williams,Leandro Paredes,right wing,42.8,88.9,0,,,,0,0,Leandro Paredes (Argentina) wins a free kick on the right wing.
760517_49880697,760517,ESP-ARG Final,2026-07-19,49880697,119',119.0,4,Spain,0,Nico Williams,Marcos Senesi,right wing,39.2,81.0,0,,,,0,0,Marcos Senesi (Argentina) wins a free kick on the right wing.
760517_49880735,760517,ESP-ARG Final,2026-07-19,49880735,120'+3',120.03,4,Argentina,1,Nicolás Tagliafico,,,81.6,59.0,0,,,,0,1,Foul by Nicolás Tagliafico (Argentina).
760517_49880744,760517,ESP-ARG Final,2026-07-19,49880744,120'+4',120.04,4,Spain,0,Eric García,Nicolás Otamendi,defensive half,45.6,58.7,0,,,,0,0,Nicolás Otamendi (Argentina) wins a free kick in the defensive half.
760517_49880758,760517,ESP-ARG Final,2026-07-19,49880758,120'+5',120.05,4,Spain,0,Marc Cucurella,Nicolás Otamendi,defensive half,62.8,74.0,0,,,,0,0,Nicolás Otamendi (Argentina) wins a free kick in the defensive half.
