event_id,match,date,minute,arg_fouls,opp_fouls,arg_cards,opp_cards,opta_lines,opta_foul_lines,opta_card_lines,media_lines,any_activity
760433,ARG-ALG GS,2026-06-17,0,0,0,0,0,0,0,0,0,0
760433,ARG-ALG GS,2026-06-17,1,1,0,0,0,2,2,0,0,1
760433,ARG-ALG GS,2026-06-17,2,0,0,0,0,0,0,0,0,0
760433,ARG-ALG GS,2026-06-17,3,0,0,0,0,0,0,0,0,0
760433,ARG-ALG GS,2026-06-17,4,0,0,0,0,1,0,0,0,1
760433,ARG-ALG GS,2026-06-17,5,0,0,0,0,1,0,0,0,1
760433,ARG-ALG GS,2026-06-17,6,0,0,0,0,0,0,0,0,0
760433,ARG-ALG GS,2026-06-17,7,0,0,0,0,0,0,0,0,0
760433,ARG-ALG GS,2026-06-17,8,0,0,0,0,2,0,0,0,1
760433,ARG-ALG GS,2026-06-17,9,0,0,0,0,1,0,0,0,1
760433,ARG-ALG GS,2026-06-17,10,1,0,0,0,2,2,0,0,1
760433,ARG-ALG GS,2026-06-17,11,1,0,0,0,2,2,0,0,1
760433,ARG-ALG GS,2026-06-17,12,0,0,0,0,0,0,0,0,0
760433,ARG-ALG GS,2026-06-17,13,0,0,0,0,0,0,0,0,0
760433,ARG-ALG GS,2026-06-17,14,0,0,0,0,0,0,0,0,0
760433,ARG-ALG GS,2026-06-17,15,0,0,0,0,0,0,0,0,0
760433,ARG-ALG GS,2026-06-17,16,0,0,0,0,0,0,0,0,0
760433,ARG-ALG GS,2026-06-17,17,0,0,0,0,1,0,0,0,1
760433,ARG-ALG GS,2026-06-17,18,0,0,0,0,0,0,0,0,0
760433,ARG-ALG GS,2026-06-17,19,0,0,0,0,0,0,0,0,0
760433,ARG-ALG GS,2026-06-17,20,0,0,0,0,0,0,0,0,0
760433,ARG-ALG GS,2026-06-17,21,0,0,0,0,0,0,0,0,0
760433,ARG-ALG GS,2026-06-17,22,0,0,0,0,0,0,0,0,0
760433,ARG-ALG GS,2026-06-17,23,0,0,0,0,0,0,0,0,0
760433,ARG-ALG GS,2026-06-17,24,0,0,0,0,0,0,0,0,0
760433,ARG-ALG GS,2026-06-17,25,0,0,0,0,1,0,0,0,1
760433,ARG-ALG GS,2026-06-17,26,0,0,0,0,0,0,0,0,0
760433,ARG-ALG GS,2026-06-17,27,0,0,0,0,0,0,0,0,0
760433,ARG-ALG GS,2026-06-17,28,0,0,0,0,1,0,0,0,1
760433,ARG-ALG GS,2026-06-17,29,0,0,0,0,0,0,0,0,0
760433,ARG-ALG GS,2026-06-17,30,0,0,0,0,0,0,0,0,0
760433,ARG-ALG GS,2026-06-17,31,1,0,0,0,2,2,0,0,1
760433,ARG-ALG GS,2026-06-17,32,0,0,0,0,0,0,0,0,0
760433,ARG-ALG GS,2026-06-17,33,0,0,0,0,0,0,0,0,0
760433,ARG-ALG GS,2026-06-17,34,0,1,0,0,2,2,0,0,1
760433,ARG-ALG GS,2026-06-17,35,0,0,0,0,0,0,0,0,0
760433,ARG-ALG GS,2026-06-17,36,0,1,0,0,2,2,0,0,1
760433,ARG-ALG GS,2026-06-17,37,1,0,0,0,3,3,0,0,1
760433,ARG-ALG GS,2026-06-17,38,0,0,0,0,0,0,0,0,0
760433,ARG-ALG GS,2026-06-17,39,0,0,0,0,1,0,0,0,1
760433,ARG-ALG GS,2026-06-17,40,0,0,0,0,1,0,0,0,1
760433,ARG-ALG GS,2026-06-17,41,0,0,0,0,1,0,0,0,1
760433,ARG-ALG GS,2026-06-17,42,0,0,0,0,1,0,0,0,1
760433,ARG-ALG GS,2026-06-17,43,1,0,0,0,2,2,0,0,1
760433,ARG-ALG GS,2026-06-17,44,0,0,0,0,1,0,0,0,1
760433,ARG-ALG GS,2026-06-17,45,1,1,0,0,12,4,0,0,1
760433,ARG-ALG GS,2026-06-17,46,0,0,0,0,0,0,0,0,0
760433,ARG-ALG GS,2026-06-17,47,0,0,0,0,0,0,0,0,0
760433,ARG-ALG GS,2026-06-17,48,0,1,0,0,2,2,0,0,1
760433,ARG-ALG GS,2026-06-17,49,0,0,0,0,0,0,0,0,0
760433,ARG-ALG GS,2026-06-17,50,0,0,0,0,0,0,0,0,0
760433,ARG-ALG GS,2026-06-17,51,1,0,0,0,3,2,0,0,1
760433,ARG-ALG GS,2026-06-17,52,0,0,0,0,0,0,0,0,0
760433,ARG-ALG GS,2026-06-17,53,0,0,0,0,0,0,0,0,0
760433,ARG-ALG GS,2026-06-17,54,0,0,0,0,1,0,0,0,1
760433,ARG-ALG GS,2026-06-17,55,1,0,0,0,4,2,0,0,1
760433,ARG-ALG GS,2026-06-17,56,0,0,0,0,0,0,0,0,0
760433,ARG-ALG GS,2026-06-17,57,0,0,0,0,1,0,0,0,1
760433,ARG-ALG GS,2026-06-17,58,0,0,0,0,0,0,0,0,0
760433,ARG-ALG GS,2026-06-17,59,0,0,0,0,1,0,0,0,1
760433,ARG-ALG GS,2026-06-17,60,0,0,0,0,2,0,0,0,1
760433,ARG-ALG GS,2026-06-17,61,0,0,0,0,0,0,0,0,0
760433,ARG-ALG GS,2026-06-17,62,0,0,0,0,0,0,0,0,0
760433,ARG-ALG GS,2026-06-17,63,0,1,0,0,2,2,0,0,1
760433,ARG-ALG GS,2026-06-17,64,0,1,0,0,5,2,0,0,1
760433,ARG-ALG GS,2026-06-17,65,0,0,0,0,0,0,0,0,0
760433,ARG-ALG GS,2026-06-17,66,0,0,0,0,2,0,0,0,1
760433,ARG-ALG GS,2026-06-17,67,0,0,0,0,0,0,0,0,0
760433,ARG-ALG GS,2026-06-17,68,0,0,0,0,0,0,0,0,0
760433,ARG-ALG GS,2026-06-17,69,0,0,0,0,2,0,0,0,1
760433,ARG-ALG GS,2026-06-17,70,0,0,0,0,0,0,0,0,0
760433,ARG-ALG GS,2026-06-17,71,0,0,0,0,1,0,0,0,1
760433,ARG-ALG GS,2026-06-17,72,0,0,0,0,0,0,0,0,0
760433,ARG-ALG GS,2026-06-17,73,0,0,0,0,0,0,0,0,0
760433,ARG-ALG GS,2026-06-17,74,0,0,0,0,0,0,0,0,0
760433,ARG-ALG GS,2026-06-17,75,0,1,0,0,2,2,0,0,1
760433,ARG-ALG GS,2026-06-17,76,0,0,0,0,1,0,0,0,1
760433,ARG-ALG GS,2026-06-17,77,0,0,0,0,0,0,0,0,0
760433,ARG-ALG GS,2026-06-17,78,0,0,0,0,1,0,0,0,1
760433,ARG-ALG GS,2026-06-17,79,0,0,0,0,1,0,0,0,1
760433,ARG-ALG GS,2026-06-17,80,0,0,0,0,2,0,0,0,1
760433,ARG-ALG GS,2026-06-17,81,0,0,0,0,1,0,0,0,1
760433,ARG-ALG GS,2026-06-17,82,0,0,0,0,1,0,0,0,1
760433,ARG-ALG GS,2026-06-17,83,2,0,0,0,4,4,0,0,1
760433,ARG-ALG GS,2026-06-17,84,0,0,0,0,0,0,0,0,0
760433,ARG-ALG GS,2026-06-17,85,1,0,0,0,2,2,0,0,1
760433,ARG-ALG GS,2026-06-17,86,0,0,0,0,1,0,0,0,1
760433,ARG-ALG GS,2026-06-17,87,0,0,0,0,0,0,0,0,0
760433,ARG-ALG GS,2026-06-17,88,0,0,0,0,0,0,0,0,0
760433,ARG-ALG GS,2026-06-17,89,0,0,0,0,0,0,0,0,0
760433,ARG-ALG GS,2026-06-17,90,1,0,0,0,5,2,0,0,1
760433,ARG-ALG GS,2026-06-17,91,0,0,0,0,0,0,0,0,0
760433,ARG-ALG GS,2026-06-17,92,0,0,0,0,0,0,0,0,0
760433,ARG-ALG GS,2026-06-17,93,0,0,0,0,0,0,0,0,0
760433,ARG-ALG GS,2026-06-17,94,0,0,0,0,0,0,0,0,0
760433,ARG-ALG GS,2026-06-17,95,0,0,0,0,0,0,0,0,0
760456,ARG-AUT GS,2026-06-22,0,0,0,0,0,0,0,0,0,0
760456,ARG-AUT GS,2026-06-22,1,0,0,0,0,0,0,0,0,0
760456,ARG-AUT GS,2026-06-22,2,0,0,0,0,1,0,0,0,1
760456,ARG-AUT GS,2026-06-22,3,0,0,0,0,0,0,0,0,0
760456,ARG-AUT GS,2026-06-22,4,0,1,0,0,3,2,0,0,1
760456,ARG-AUT GS,2026-06-22,5,0,0,0,0,0,0,0,0,0
760456,ARG-AUT GS,2026-06-22,6,0,0,0,0,1,0,0,0,1
760456,ARG-AUT GS,2026-06-22,7,0,0,0,0,1,0,0,0,1
760456,ARG-AUT GS,2026-06-22,8,0,0,0,0,0,0,0,0,0
760456,ARG-AUT GS,2026-06-22,9,0,0,0,0,1,0,0,0,1
760456,ARG-AUT GS,2026-06-22,10,0,1,0,0,2,2,0,0,1
760456,ARG-AUT GS,2026-06-22,11,1,0,0,0,2,2,0,0,1
760456,ARG-AUT GS,2026-06-22,12,0,0,0,0,0,0,0,0,0
760456,ARG-AUT GS,2026-06-22,13,0,0,0,0,0,0,0,0,0
760456,ARG-AUT GS,2026-06-22,14,1,0,0,0,2,2,0,0,1
760456,ARG-AUT GS,2026-06-22,15,0,0,0,0,0,0,0,0,0
760456,ARG-AUT GS,2026-06-22,16,0,0,0,0,1,0,0,0,1
760456,ARG-AUT GS,2026-06-22,17,0,0,0,0,0,0,0,0,0
760456,ARG-AUT GS,2026-06-22,18,0,1,0,0,2,2,0,0,1
760456,ARG-AUT GS,2026-06-22,19,0,0,0,0,0,0,0,0,0
760456,ARG-AUT GS,2026-06-22,20,0,0,0,0,0,0,0,0,0
760456,ARG-AUT GS,2026-06-22,21,1,0,0,0,3,2,0,0,1
760456,ARG-AUT GS,2026-06-22,22,0,0,0,0,1,0,0,0,1
760456,ARG-AUT GS,2026-06-22,23,0,0,0,0,4,0,0,0,1
760456,ARG-AUT GS,2026-06-22,24,0,0,0,0,0,0,0,0,0
760456,ARG-AUT GS,2026-06-22,25,0,0,0,0,0,0,0,0,0
760456,ARG-AUT GS,2026-06-22,26,0,0,0,0,1,0,0,0,1
760456,ARG-AUT GS,2026-06-22,27,0,0,0,0,0,0,0,0,0
760456,ARG-AUT GS,2026-06-22,28,0,0,0,0,0,0,0,0,0
760456,ARG-AUT GS,2026-06-22,29,0,0,0,0,1,0,0,0,1
760456,ARG-AUT GS,2026-06-22,30,0,0,0,0,0,0,0,0,0
760456,ARG-AUT GS,2026-06-22,31,0,0,0,0,0,0,0,0,0
760456,ARG-AUT GS,2026-06-22,32,1,0,0,0,3,2,0,0,1
760456,ARG-AUT GS,2026-06-22,33,0,0,0,0,0,0,0,0,0
760456,ARG-AUT GS,2026-06-22,34,0,0,0,0,0,0,0,0,0
760456,ARG-AUT GS,2026-06-22,35,1,0,0,0,2,2,0,0,1
760456,ARG-AUT GS,2026-06-22,36,0,0,0,0,0,0,0,0,0
760456,ARG-AUT GS,2026-06-22,37,0,0,0,0,0,0,0,0,0
760456,ARG-AUT GS,2026-06-22,38,0,0,0,0,1,0,0,0,1
760456,ARG-AUT GS,2026-06-22,39,0,0,0,0,0,0,0,0,0
760456,ARG-AUT GS,2026-06-22,40,0,0,0,1,1,0,1,0,1
760456,ARG-AUT GS,2026-06-22,41,0,0,0,0,0,0,0,0,0
760456,ARG-AUT GS,2026-06-22,42,0,0,0,0,0,0,0,0,0
760456,ARG-AUT GS,2026-06-22,43,0,1,0,0,2,2,0,0,1
760456,ARG-AUT GS,2026-06-22,44,1,0,0,0,2,2,0,0,1
760456,ARG-AUT GS,2026-06-22,45,2,0,0,0,7,4,0,0,1
760456,ARG-AUT GS,2026-06-22,46,0,0,0,0,1,0,0,0,1
760456,ARG-AUT GS,2026-06-22,47,0,0,0,0,0,0,0,0,0
760456,ARG-AUT GS,2026-06-22,48,0,1,0,0,2,2,0,0,1
760456,ARG-AUT GS,2026-06-22,49,0,0,0,0,0,0,0,0,0
760456,ARG-AUT GS,2026-06-22,50,0,0,0,0,1,0,0,0,1
760456,ARG-AUT GS,2026-06-22,51,0,0,0,0,0,0,0,0,0
760456,ARG-AUT GS,2026-06-22,52,0,1,0,0,2,2,0,0,1
760456,ARG-AUT GS,2026-06-22,53,1,0,0,0,2,2,0,0,1
760456,ARG-AUT GS,2026-06-22,54,1,0,0,0,2,2,0,0,1
760456,ARG-AUT GS,2026-06-22,55,0,0,0,0,1,0,0,0,1
760456,ARG-AUT GS,2026-06-22,56,0,0,0,0,0,0,0,0,0
760456,ARG-AUT GS,2026-06-22,57,0,1,0,0,3,2,0,0,1
760456,ARG-AUT GS,2026-06-22,58,0,0,0,0,0,0,0,0,0
760456,ARG-AUT GS,2026-06-22,59,0,0,0,0,0,0,0,0,0
760456,ARG-AUT GS,2026-06-22,60,0,0,0,0,0,0,0,0,0
760456,ARG-AUT GS,2026-06-22,61,0,0,0,0,1,0,0,0,1
760456,ARG-AUT GS,2026-06-22,62,0,0,0,0,2,0,0,0,1
760456,ARG-AUT GS,2026-06-22,63,0,0,0,0,0,0,0,0,0
760456,ARG-AUT GS,2026-06-22,64,0,0,0,0,1,0,0,0,1
760456,ARG-AUT GS,2026-06-22,65,0,0,0,0,2,0,0,0,1
760456,ARG-AUT GS,2026-06-22,66,0,0,0,0,0,0,0,0,0
760456,ARG-AUT GS,2026-06-22,67,0,0,0,0,2,0,0,0,1
760456,ARG-AUT GS,2026-06-22,68,0,0,0,0,2,0,0,0,1
760456,ARG-AUT GS,2026-06-22,69,0,0,0,0,1,0,0,0,1
760456,ARG-AUT GS,2026-06-22,70,0,0,0,0,0,0,0,0,0
760456,ARG-AUT GS,2026-06-22,71,0,0,0,0,1,0,0,0,1
760456,ARG-AUT GS,2026-06-22,72,0,0,0,0,0,0,0,0,0
760456,ARG-AUT GS,2026-06-22,73,0,0,0,0,2,0,0,0,1
760456,ARG-AUT GS,2026-06-22,74,0,0,0,0,0,0,0,0,0
760456,ARG-AUT GS,2026-06-22,75,0,1,0,0,2,2,0,0,1
760456,ARG-AUT GS,2026-06-22,76,0,1,1,1,4,2,2,0,1
760456,ARG-AUT GS,2026-06-22,77,0,0,0,0,0,0,0,0,0
760456,ARG-AUT GS,2026-06-22,78,0,0,0,0,1,0,0,0,1
760456,ARG-AUT GS,2026-06-22,79,0,0,0,0,1,0,0,0,1
760456,ARG-AUT GS,2026-06-22,80,0,0,0,0,1,0,0,0,1
760456,ARG-AUT GS,2026-06-22,81,0,0,0,0,1,0,0,0,1
760456,ARG-AUT GS,2026-06-22,82,0,0,0,0,2,0,0,0,1
760456,ARG-AUT GS,2026-06-22,83,0,0,0,0,0,0,0,0,0
760456,ARG-AUT GS,2026-06-22,84,0,0,0,0,0,0,0,0,0
760456,ARG-AUT GS,2026-06-22,85,0,0,0,0,1,0,0,0,1
760456,ARG-AUT GS,2026-06-22,86,0,0,0,0,2,0,0,0,1
760456,ARG-AUT GS,2026-06-22,87,0,0,0,0,0,0,0,0,0
760456,ARG-AUT GS,2026-06-22,88,0,1,0,0,2,2,0,0,1
760456,ARG-AUT GS,2026-06-22,89,1,0,0,0,2,2,0,0,1
760456,ARG-AUT GS,2026-06-22,90,1,3,1,0,15,8,1,0,1
760456,ARG-AUT GS,2026-06-22,91,0,0,0,0,0,0,0,0,0
760456,ARG-AUT GS,2026-06-22,92,0,0,0,0,0,0,0,0,0
760456,ARG-AUT GS,2026-06-22,93,0,0,0,0,0,0,0,0,0
760456,ARG-AUT GS,2026-06-22,94,0,0,0,0,0,0,0,0,0
760456,ARG-AUT GS,2026-06-22,95,0,0,0,0,0,0,0,0,0
760483,JOR-ARG GS,2026-06-28,0,0,0,0,0,0,0,0,0,0
760483,JOR-ARG GS,2026-06-28,1,1,0,0,0,2,2,0,0,1
760483,JOR-ARG GS,2026-06-28,2,0,0,0,0,0,0,0,0,0
760483,JOR-ARG GS,2026-06-28,3,0,0,0,0,0,0,0,0,0
760483,JOR-ARG GS,2026-06-28,4,0,0,0,0,0,0,0,0,0
760483,JOR-ARG GS,2026-06-28,5,0,0,0,0,0,0,0,0,0
760483,JOR-ARG GS,2026-06-28,6,0,0,0,0,0,0,0,0,0
760483,JOR-ARG GS,2026-06-28,7,0,0,0,0,1,0,0,0,1
760483,JOR-ARG GS,2026-06-28,8,0,0,0,0,0,0,0,0,0
760483,JOR-ARG GS,2026-06-28,9,0,0,0,0,0,0,0,0,0
760483,JOR-ARG GS,2026-06-28,10,0,0,0,0,0,0,0,0,0
760483,JOR-ARG GS,2026-06-28,11,0,0,0,0,0,0,0,0,0
760483,JOR-ARG GS,2026-06-28,12,0,0,0,0,1,0,0,0,1
760483,JOR-ARG GS,2026-06-28,13,0,0,0,0,1,0,0,0,1
760483,JOR-ARG GS,2026-06-28,14,0,0,0,0,0,0,0,0,0
760483,JOR-ARG GS,2026-06-28,15,0,0,0,0,0,0,0,0,0
760483,JOR-ARG GS,2026-06-28,16,0,0,0,0,0,0,0,0,0
760483,JOR-ARG GS,2026-06-28,17,0,1,0,1,3,3,1,0,1
760483,JOR-ARG GS,2026-06-28,18,0,0,0,0,0,0,0,0,0
760483,JOR-ARG GS,2026-06-28,19,0,0,0,0,1,1,0,0,1
760483,JOR-ARG GS,2026-06-28,20,0,0,0,0,0,0,0,0,0
760483,JOR-ARG GS,2026-06-28,21,0,0,0,0,0,0,0,0,0
760483,JOR-ARG GS,2026-06-28,22,0,0,0,0,0,0,0,0,0
760483,JOR-ARG GS,2026-06-28,23,0,0,0,0,1,0,0,0,1
760483,JOR-ARG GS,2026-06-28,24,0,0,0,0,0,0,0,0,0
760483,JOR-ARG GS,2026-06-28,25,0,0,0,0,1,0,0,0,1
760483,JOR-ARG GS,2026-06-28,26,0,0,0,0,0,0,0,0,0
760483,JOR-ARG GS,2026-06-28,27,0,0,0,0,1,0,0,0,1
760483,JOR-ARG GS,2026-06-28,28,0,1,0,0,4,2,0,0,1
760483,JOR-ARG GS,2026-06-28,29,0,0,0,0,2,0,0,0,1
760483,JOR-ARG GS,2026-06-28,30,0,0,0,0,0,0,0,0,0
760483,JOR-ARG GS,2026-06-28,31,0,0,0,0,1,0,0,0,1
760483,JOR-ARG GS,2026-06-28,32,1,0,0,0,2,2,0,0,1
760483,JOR-ARG GS,2026-06-28,33,1,0,0,0,2,2,0,0,1
760483,JOR-ARG GS,2026-06-28,34,1,0,0,0,2,2,0,0,1
760483,JOR-ARG GS,2026-06-28,35,0,0,0,0,3,0,0,0,1
760483,JOR-ARG GS,2026-06-28,36,0,0,0,0,0,0,0,0,0
760483,JOR-ARG GS,2026-06-28,37,0,0,0,0,0,0,0,0,0
760483,JOR-ARG GS,2026-06-28,38,0,0,0,0,1,0,0,0,1
760483,JOR-ARG GS,2026-06-28,39,0,0,0,0,0,0,0,0,0
760483,JOR-ARG GS,2026-06-28,40,0,0,0,0,0,0,0,0,0
760483,JOR-ARG GS,2026-06-28,41,0,1,0,0,2,2,0,0,1
760483,JOR-ARG GS,2026-06-28,42,1,0,0,0,2,2,0,0,1
760483,JOR-ARG GS,2026-06-28,43,0,0,0,0,0,0,0,0,0
760483,JOR-ARG GS,2026-06-28,44,0,0,0,0,0,0,0,0,0
760483,JOR-ARG GS,2026-06-28,45,0,3,0,0,12,4,0,0,1
760483,JOR-ARG GS,2026-06-28,46,0,0,0,0,0,0,0,0,0
760483,JOR-ARG GS,2026-06-28,47,0,0,0,0,0,0,0,0,0
760483,JOR-ARG GS,2026-06-28,48,0,0,0,0,1,0,0,0,1
760483,JOR-ARG GS,2026-06-28,49,1,1,0,0,4,4,0,0,1
760483,JOR-ARG GS,2026-06-28,50,0,0,0,0,0,0,0,0,0
760483,JOR-ARG GS,2026-06-28,51,0,0,0,0,1,0,0,0,1
760483,JOR-ARG GS,2026-06-28,52,0,0,0,0,0,0,0,0,0
760483,JOR-ARG GS,2026-06-28,53,0,0,0,0,1,0,0,0,1
760483,JOR-ARG GS,2026-06-28,54,0,0,0,0,0,0,0,0,0
760483,JOR-ARG GS,2026-06-28,55,0,0,0,0,1,0,0,0,1
760483,JOR-ARG GS,2026-06-28,56,0,0,0,0,0,0,0,0,0
760483,JOR-ARG GS,2026-06-28,57,0,0,0,0,0,0,0,0,0
760483,JOR-ARG GS,2026-06-28,58,0,0,0,0,0,0,0,0,0
760483,JOR-ARG GS,2026-06-28,59,0,0,0,0,1,0,0,0,1
760483,JOR-ARG GS,2026-06-28,60,0,0,0,0,2,0,0,0,1
760483,JOR-ARG GS,2026-06-28,61,0,0,0,0,2,0,0,0,1
760483,JOR-ARG GS,2026-06-28,62,0,0,0,0,0,0,0,0,0
760483,JOR-ARG GS,2026-06-28,63,0,0,0,0,0,0,0,0,0
760483,JOR-ARG GS,2026-06-28,64,0,1,0,1,3,3,1,0,1
760483,JOR-ARG GS,2026-06-28,65,0,0,0,0,1,1,0,0,1
760483,JOR-ARG GS,2026-06-28,66,0,0,0,0,0,0,0,0,0
760483,JOR-ARG GS,2026-06-28,67,0,1,0,0,2,2,0,0,1
760483,JOR-ARG GS,2026-06-28,68,0,0,0,0,1,0,0,0,1
760483,JOR-ARG GS,2026-06-28,69,0,0,0,0,0,0,0,0,0
760483,JOR-ARG GS,2026-06-28,70,0,0,0,0,1,0,0,0,1
760483,JOR-ARG GS,2026-06-28,71,0,0,0,0,1,0,0,0,1
760483,JOR-ARG GS,2026-06-28,72,0,0,0,0,0,0,0,0,0
760483,JOR-ARG GS,2026-06-28,73,0,0,0,0,0,0,0,0,0
760483,JOR-ARG GS,2026-06-28,74,0,0,0,0,0,0,0,0,0
760483,JOR-ARG GS,2026-06-28,75,1,0,0,0,2,2,0,0,1
760483,JOR-ARG GS,2026-06-28,76,0,0,0,0,1,0,0,0,1
760483,JOR-ARG GS,2026-06-28,77,0,0,0,0,0,0,0,0,0
760483,JOR-ARG GS,2026-06-28,78,0,0,0,0,0,0,0,0,0
760483,JOR-ARG GS,2026-06-28,79,0,1,0,0,2,2,0,0,1
760483,JOR-ARG GS,2026-06-28,80,0,0,0,0,1,1,0,0,1
760483,JOR-ARG GS,2026-06-28,81,0,0,0,0,0,0,0,0,0
760483,JOR-ARG GS,2026-06-28,82,0,0,0,0,2,0,0,0,1
760483,JOR-ARG GS,2026-06-28,83,0,0,0,0,0,0,0,0,0
760483,JOR-ARG GS,2026-06-28,84,0,0,0,0,0,0,0,0,0
760483,JOR-ARG GS,2026-06-28,85,0,1,0,0,2,2,0,0,1
760483,JOR-ARG GS,2026-06-28,86,0,0,0,0,2,0,0,0,1
760483,JOR-ARG GS,2026-06-28,87,0,0,0,0,2,0,0,0,1
760483,JOR-ARG GS,2026-06-28,88,0,1,0,0,2,2,0,0,1
760483,JOR-ARG GS,2026-06-28,89,0,0,0,0,1,0,0,0,1
760483,JOR-ARG GS,2026-06-28,90,0,1,0,1,11,3,1,0,1
760483,JOR-ARG GS,2026-06-28,91,0,0,0,0,0,0,0,0,0
760483,JOR-ARG GS,2026-06-28,92,0,0,0,0,0,0,0,0,0
760483,JOR-ARG GS,2026-06-28,93,0,0,0,0,0,0,0,0,0
760483,JOR-ARG GS,2026-06-28,94,0,0,0,0,0,0,0,0,0
760483,JOR-ARG GS,2026-06-28,95,0,0,0,0,0,0,0,0,0
760500,ARG-CPV R32,2026-07-03,0,0,0,0,0,0,0,0,0,0
760500,ARG-CPV R32,2026-07-03,1,0,0,0,0,0,0,0,0,0
760500,ARG-CPV R32,2026-07-03,2,0,0,0,0,0,0,0,0,0
760500,ARG-CPV R32,2026-07-03,3,0,0,0,0,0,0,0,0,0
760500,ARG-CPV R32,2026-07-03,4,1,0,0,0,2,2,0,0,1
760500,ARG-CPV R32,2026-07-03,5,0,0,0,0,0,0,0,0,0
760500,ARG-CPV R32,2026-07-03,6,0,0,0,0,0,0,0,0,0
760500,ARG-CPV R32,2026-07-03,7,0,0,0,0,1,0,0,0,1
760500,ARG-CPV R32,2026-07-03,8,0,0,0,0,0,0,0,0,0
760500,ARG-CPV R32,2026-07-03,9,0,0,0,0,0,0,0,0,0
760500,ARG-CPV R32,2026-07-03,10,1,0,0,0,2,2,0,0,1
760500,ARG-CPV R32,2026-07-03,11,0,0,0,0,0,0,0,0,0
760500,ARG-CPV R32,2026-07-03,12,0,0,0,0,0,0,0,0,0
760500,ARG-CPV R32,2026-07-03,13,0,0,0,0,0,0,0,0,0
760500,ARG-CPV R32,2026-07-03,14,0,0,0,0,0,0,0,0,0
760500,ARG-CPV R32,2026-07-03,15,0,0,0,0,1,0,0,0,1
760500,ARG-CPV R32,2026-07-03,16,0,0,0,0,0,0,0,0,0
760500,ARG-CPV R32,2026-07-03,17,0,2,0,0,2,2,0,0,1
760500,ARG-CPV R32,2026-07-03,18,0,0,0,0,1,0,0,0,1
760500,ARG-CPV R32,2026-07-03,19,0,0,0,0,0,0,0,0,0
760500,ARG-CPV R32,2026-07-03,20,0,0,0,0,0,0,0,0,0
760500,ARG-CPV R32,2026-07-03,21,0,0,0,0,0,0,0,0,0
760500,ARG-CPV R32,2026-07-03,22,0,0,0,0,0,0,0,0,0
760500,ARG-CPV R32,2026-07-03,23,0,0,0,0,0,0,0,0,0
760500,ARG-CPV R32,2026-07-03,24,0,0,0,0,0,0,0,0,0
760500,ARG-CPV R32,2026-07-03,25,0,0,0,0,1,0,0,0,1
760500,ARG-CPV R32,2026-07-03,26,0,0,0,0,0,0,0,0,0
760500,ARG-CPV R32,2026-07-03,27,0,0,0,0,1,0,0,0,1
760500,ARG-CPV R32,2026-07-03,28,0,0,0,0,0,0,0,0,0
760500,ARG-CPV R32,2026-07-03,29,0,0,0,0,1,0,0,0,1
760500,ARG-CPV R32,2026-07-03,30,0,0,0,0,0,0,0,0,0
760500,ARG-CPV R32,2026-07-03,31,0,0,0,0,0,0,0,0,0
760500,ARG-CPV R32,2026-07-03,32,1,0,0,0,2,2,0,0,1
760500,ARG-CPV R32,2026-07-03,33,0,0,0,0,0,0,0,0,0
760500,ARG-CPV R32,2026-07-03,34,0,0,0,0,0,0,0,0,0
760500,ARG-CPV R32,2026-07-03,35,0,0,0,0,0,0,0,0,0
760500,ARG-CPV R32,2026-07-03,36,0,0,0,0,1,0,0,0,1
760500,ARG-CPV R32,2026-07-03,37,0,0,0,0,0,0,0,0,0
760500,ARG-CPV R32,2026-07-03,38,0,0,0,0,0,0,0,0,0
760500,ARG-CPV R32,2026-07-03,39,0,0,0,0,0,0,0,0,0
760500,ARG-CPV R32,2026-07-03,40,0,1,0,0,2,2,0,0,1
760500,ARG-CPV R32,2026-07-03,41,0,0,0,0,1,0,0,0,1
760500,ARG-CPV R32,2026-07-03,42,0,1,0,0,2,2,0,0,1
760500,ARG-CPV R32,2026-07-03,43,1,1,0,0,4,4,0,0,1
760500,ARG-CPV R32,2026-07-03,44,0,0,0,0,0,0,0,0,0
760500,ARG-CPV R32,2026-07-03,45,1,0,0,0,6,2,0,0,1
760500,ARG-CPV R32,2026-07-03,46,0,0,0,0,0,0,0,0,0
760500,ARG-CPV R32,2026-07-03,47,0,0,0,0,0,0,0,0,0
760500,ARG-CPV R32,2026-07-03,48,0,0,0,0,1,0,0,0,1
760500,ARG-CPV R32,2026-07-03,49,0,0,0,0,3,0,0,0,1
760500,ARG-CPV R32,2026-07-03,50,1,0,0,0,2,2,0,0,1
760500,ARG-CPV R32,2026-07-03,51,0,0,0,0,0,0,0,0,0
760500,ARG-CPV R32,2026-07-03,52,0,0,0,0,0,0,0,0,0
760500,ARG-CPV R32,2026-07-03,53,1,0,0,0,2,2,0,0,1
760500,ARG-CPV R32,2026-07-03,54,0,0,0,0,1,0,0,0,1
760500,ARG-CPV R32,2026-07-03,55,0,0,0,0,0,0,0,0,0
760500,ARG-CPV R32,2026-07-03,56,0,0,0,0,0,0,0,0,0
760500,ARG-CPV R32,2026-07-03,57,0,0,0,0,0,0,0,0,0
760500,ARG-CPV R32,2026-07-03,58,1,0,0,0,2,2,0,0,1
760500,ARG-CPV R32,2026-07-03,59,0,0,0,0,1,0,0,0,1
760500,ARG-CPV R32,2026-07-03,60,0,0,0,0,0,0,0,0,0
760500,ARG-CPV R32,2026-07-03,61,0,0,0,0,0,0,0,0,0
760500,ARG-CPV R32,2026-07-03,62,0,0,0,0,0,0,0,0,0
760500,ARG-CPV R32,2026-07-03,63,0,0,0,0,3,0,0,0,1
760500,ARG-CPV R32,2026-07-03,64,0,0,0,0,1,0,0,0,1
760500,ARG-CPV R32,2026-07-03,65,0,0,0,0,0,0,0,0,0
760500,ARG-CPV R32,2026-07-03,66,0,0,0,0,0,0,0,0,0
760500,ARG-CPV R32,2026-07-03,67,0,0,0,0,3,0,0,0,1
760500,ARG-CPV R32,2026-07-03,68,0,1,0,1,3,3,1,0,1
760500,ARG-CPV R32,2026-07-03,69,0,0,0,0,1,0,0,0,1
760500,ARG-CPV R32,2026-07-03,70,0,0,0,0,0,0,0,0,0
760500,ARG-CPV R32,2026-07-03,71,0,1,0,0,2,2,0,0,1
760500,ARG-CPV R32,2026-07-03,72,0,0,0,0,0,0,0,0,0
760500,ARG-CPV R32,2026-07-03,73,0,0,0,0,4,0,0,0,1
760500,ARG-CPV R32,2026-07-03,74,0,0,0,0,0,0,0,0,0
760500,ARG-CPV R32,2026-07-03,75,0,0,0,0,0,0,0,0,0
760500,ARG-CPV R32,2026-07-03,76,0,0,0,0,1,0,0,0,1
760500,ARG-CPV R32,2026-07-03,77,1,0,0,0,2,2,0,0,1
760500,ARG-CPV R32,2026-07-03,78,0,1,0,0,3,3,0,0,1
760500,ARG-CPV R32,2026-07-03,79,0,1,0,0,2,2,0,0,1
760500,ARG-CPV R32,2026-07-03,80,0,0,0,0,2,0,0,0,1
760500,ARG-CPV R32,2026-07-03,81,0,0,0,0,1,0,0,0,1
760500,ARG-CPV R32,2026-07-03,82,0,0,0,0,0,0,0,0,0
760500,ARG-CPV R32,2026-07-03,83,0,0,0,0,0,0,0,0,0
760500,ARG-CPV R32,2026-07-03,84,0,0,0,0,4,0,0,0,1
760500,ARG-CPV R32,2026-07-03,85,0,0,0,0,0,0,0,0,0
760500,ARG-CPV R32,2026-07-03,86,0,0,0,0,2,0,0,0,1
760500,ARG-CPV R32,2026-07-03,87,0,0,0,0,2,0,0,0,1
760500,ARG-CPV R32,2026-07-03,88,0,0,0,0,0,0,0,0,0
760500,ARG-CPV R32,2026-07-03,89,0,0,0,0,1,0,0,0,1
760500,ARG-CPV R32,2026-07-03,90,2,2,0,0,14,8,0,0,1
760500,ARG-CPV R32,2026-07-03,91,0,0,0,0,0,0,0,0,0
760500,ARG-CPV R32,2026-07-03,92,0,0,0,0,2,0,0,0,1
760500,ARG-CPV R32,2026-07-03,93,0,0,0,0,0,0,0,0,0
760500,ARG-CPV R32,2026-07-03,94,0,0,0,0,0,0,0,0,0
760500,ARG-CPV R32,2026-07-03,95,0,0,0,0,0,0,0,0,0
760500,ARG-CPV R32,2026-07-03,96,0,0,0,0,2,0,0,0,1
760500,ARG-CPV R32,2026-07-03,97,0,0,0,0,3,0,0,0,1
760500,ARG-CPV R32,2026-07-03,98,0,0,0,0,3,0,0,0,1
760500,ARG-CPV R32,2026-07-03,99,0,0,0,0,1,0,0,0,1
760500,ARG-CPV R32,2026-07-03,100,0,0,0,0,2,0,0,0,1
760500,ARG-CPV R32,2026-07-03,101,0,0,0,0,0,0,0,0,0
760500,ARG-CPV R32,2026-07-03,102,0,0,0,0,0,0,0,0,0
760500,ARG-CPV R32,2026-07-03,103,0,0,0,0,1,0,0,0,1
760500,ARG-CPV R32,2026-07-03,104,0,0,0,0,1,0,0,0,1
760500,ARG-CPV R32,2026-07-03,105,0,0,0,0,5,0,0,0,1
760500,ARG-CPV R32,2026-07-03,106,0,0,0,0,0,0,0,0,0
760500,ARG-CPV R32,2026-07-03,107,0,1,0,0,2,2,0,0,1
760500,ARG-CPV R32,2026-07-03,108,0,0,0,0,1,0,0,0,1
760500,ARG-CPV R32,2026-07-03,109,0,0,0,0,1,0,0,0,1
760500,ARG-CPV R32,2026-07-03,110,0,1,0,0,2,2,0,0,1
760500,ARG-CPV R32,2026-07-03,111,0,0,0,0,3,0,0,0,1
760500,ARG-CPV R32,2026-07-03,112,0,0,0,0,0,0,0,0,0
760500,ARG-CPV R32,2026-07-03,113,0,0,0,0,0,0,0,0,0
760500,ARG-CPV R32,2026-07-03,114,0,0,0,0,1,0,0,0,1
760500,ARG-CPV R32,2026-07-03,115,1,0,1,0,3,3,1,0,1
760500,ARG-CPV R32,2026-07-03,116,0,0,0,0,2,0,0,0,1
760500,ARG-CPV R32,2026-07-03,117,0,0,0,0,0,0,0,0,0
760500,ARG-CPV R32,2026-07-03,118,0,0,0,0,0,0,0,0,0
760500,ARG-CPV R32,2026-07-03,119,0,0,0,0,3,0,0,0,1
760500,ARG-CPV R32,2026-07-03,120,0,0,0,0,6,0,0,0,1
760509,ARG-EGY R16,2026-07-07,0,0,0,0,0,0,0,0,10,1
760509,ARG-EGY R16,2026-07-07,1,0,0,0,0,0,0,0,0,0
760509,ARG-EGY R16,2026-07-07,2,0,0,0,0,0,0,0,2,1
760509,ARG-EGY R16,2026-07-07,3,0,0,0,0,0,0,0,0,0
760509,ARG-EGY R16,2026-07-07,4,0,0,0,0,0,0,0,0,0
760509,ARG-EGY R16,2026-07-07,5,1,0,0,0,2,2,0,0,1
760509,ARG-EGY R16,2026-07-07,6,0,0,0,0,0,0,0,0,0
760509,ARG-EGY R16,2026-07-07,7,1,0,0,0,2,2,0,0,1
760509,ARG-EGY R16,2026-07-07,8,0,0,0,0,0,0,0,0,0
760509,ARG-EGY R16,2026-07-07,9,0,0,0,0,1,0,0,0,1
760509,ARG-EGY R16,2026-07-07,10,0,0,0,0,0,0,0,0,0
760509,ARG-EGY R16,2026-07-07,11,1,0,0,0,2,2,0,3,1
760509,ARG-EGY R16,2026-07-07,12,0,0,0,0,0,0,0,0,0
760509,ARG-EGY R16,2026-07-07,13,1,0,0,0,2,2,0,0,1
760509,ARG-EGY R16,2026-07-07,14,0,0,0,0,1,0,0,0,1
760509,ARG-EGY R16,2026-07-07,15,0,0,0,0,1,0,0,2,1
760509,ARG-EGY R16,2026-07-07,16,0,0,0,0,0,0,0,0,0
760509,ARG-EGY R16,2026-07-07,17,0,0,0,0,0,0,0,0,0
760509,ARG-EGY R16,2026-07-07,18,0,1,0,0,2,2,0,0,1
760509,ARG-EGY R16,2026-07-07,19,0,1,0,0,2,2,0,0,1
760509,ARG-EGY R16,2026-07-07,20,0,0,0,0,0,0,0,0,0
760509,ARG-EGY R16,2026-07-07,21,1,0,0,0,3,2,0,1,1
760509,ARG-EGY R16,2026-07-07,22,0,0,0,0,0,0,0,0,0
760509,ARG-EGY R16,2026-07-07,23,1,0,0,0,3,2,0,0,1
760509,ARG-EGY R16,2026-07-07,24,0,0,0,0,0,0,0,0,0
760509,ARG-EGY R16,2026-07-07,25,0,0,0,0,0,0,0,0,0
760509,ARG-EGY R16,2026-07-07,26,0,0,0,0,1,0,0,0,1
760509,ARG-EGY R16,2026-07-07,27,0,0,0,0,0,0,0,0,0
760509,ARG-EGY R16,2026-07-07,28,0,0,0,0,1,0,0,0,1
760509,ARG-EGY R16,2026-07-07,29,0,0,0,0,1,0,0,0,1
760509,ARG-EGY R16,2026-07-07,30,0,1,0,0,2,2,0,0,1
760509,ARG-EGY R16,2026-07-07,31,0,0,0,0,1,1,0,0,1
760509,ARG-EGY R16,2026-07-07,32,0,0,0,0,1,0,0,0,1
760509,ARG-EGY R16,2026-07-07,33,0,1,0,0,2,2,0,0,1
760509,ARG-EGY R16,2026-07-07,34,0,0,0,0,0,0,0,0,0
760509,ARG-EGY R16,2026-07-07,35,0,0,0,0,1,0,0,0,1
760509,ARG-EGY R16,2026-07-07,36,0,0,0,0,0,0,0,0,0
760509,ARG-EGY R16,2026-07-07,37,0,0,0,0,0,0,0,0,0
760509,ARG-EGY R16,2026-07-07,38,0,0,0,0,1,0,0,0,1
760509,ARG-EGY R16,2026-07-07,39,0,0,0,0,3,0,0,0,1
760509,ARG-EGY R16,2026-07-07,40,0,0,0,0,0,0,0,0,0
760509,ARG-EGY R16,2026-07-07,41,0,0,0,0,1,0,0,0,1
760509,ARG-EGY R16,2026-07-07,42,0,0,0,0,0,0,0,0,0
760509,ARG-EGY R16,2026-07-07,43,0,0,0,0,1,0,0,0,1
760509,ARG-EGY R16,2026-07-07,44,0,1,0,0,2,2,0,0,1
760509,ARG-EGY R16,2026-07-07,45,2,0,0,0,11,4,0,0,1
760509,ARG-EGY R16,2026-07-07,46,1,0,0,0,2,2,0,2,1
760509,ARG-EGY R16,2026-07-07,47,0,0,0,0,1,0,0,0,1
760509,ARG-EGY R16,2026-07-07,48,2,0,0,0,4,4,0,0,1
760509,ARG-EGY R16,2026-07-07,49,0,0,0,0,0,0,0,0,0
760509,ARG-EGY R16,2026-07-07,50,0,0,0,0,0,0,0,0,0
760509,ARG-EGY R16,2026-07-07,51,0,0,0,0,0,0,0,0,0
760509,ARG-EGY R16,2026-07-07,52,0,1,0,0,2,2,0,0,1
760509,ARG-EGY R16,2026-07-07,53,0,0,0,0,1,0,0,0,1
760509,ARG-EGY R16,2026-07-07,54,0,0,0,0,2,0,0,0,1
760509,ARG-EGY R16,2026-07-07,55,0,1,0,0,2,2,0,0,1
760509,ARG-EGY R16,2026-07-07,56,0,0,0,0,0,0,0,0,0
760509,ARG-EGY R16,2026-07-07,57,0,0,0,0,0,0,0,0,0
760509,ARG-EGY R16,2026-07-07,58,0,1,0,0,4,2,0,0,1
760509,ARG-EGY R16,2026-07-07,59,0,0,0,0,1,0,0,0,1
760509,ARG-EGY R16,2026-07-07,60,0,0,0,0,0,0,0,0,0
760509,ARG-EGY R16,2026-07-07,61,0,0,0,0,2,0,0,0,1
760509,ARG-EGY R16,2026-07-07,62,0,0,0,0,0,0,0,0,0
760509,ARG-EGY R16,2026-07-07,63,0,0,0,0,0,0,0,0,0
760509,ARG-EGY R16,2026-07-07,64,0,1,0,0,2,2,0,0,1
760509,ARG-EGY R16,2026-07-07,65,0,0,0,0,0,0,0,0,0
760509,ARG-EGY R16,2026-07-07,66,0,0,0,0,3,0,0,4,1
760509,ARG-EGY R16,2026-07-07,67,0,0,0,0,2,0,0,1,1
760509,ARG-EGY R16,2026-07-07,68,0,0,0,0,0,0,0,0,0
760509,ARG-EGY R16,2026-07-07,69,0,0,0,0,0,0,0,0,0
760509,ARG-EGY R16,2026-07-07,70,0,0,0,0,1,0,0,0,1
760509,ARG-EGY R16,2026-07-07,71,0,0,0,0,1,0,0,0,1
760509,ARG-EGY R16,2026-07-07,72,0,0,0,0,0,0,0,0,0
760509,ARG-EGY R16,2026-07-07,73,0,0,0,0,3,0,0,4,1
760509,ARG-EGY R16,2026-07-07,74,0,0,0,0,1,0,0,0,1
760509,ARG-EGY R16,2026-07-07,75,0,0,0,0,1,0,0,0,1
760509,ARG-EGY R16,2026-07-07,76,0,0,0,0,1,0,0,0,1
760509,ARG-EGY R16,2026-07-07,77,0,0,0,0,1,0,0,0,1
760509,ARG-EGY R16,2026-07-07,78,0,0,0,0,2,0,0,0,1
760509,ARG-EGY R16,2026-07-07,79,0,0,0,0,1,0,0,1,1
760509,ARG-EGY R16,2026-07-07,80,0,0,0,0,1,0,0,2,1
760509,ARG-EGY R16,2026-07-07,81,0,0,0,0,0,0,0,0,0
760509,ARG-EGY R16,2026-07-07,82,0,0,0,0,2,0,0,0,1
760509,ARG-EGY R16,2026-07-07,83,0,0,0,0,1,0,0,1,1
760509,ARG-EGY R16,2026-07-07,84,0,0,0,0,0,0,0,0,0
760509,ARG-EGY R16,2026-07-07,85,0,0,0,0,0,0,0,0,0
760509,ARG-EGY R16,2026-07-07,86,0,0,0,0,0,0,0,0,0
760509,ARG-EGY R16,2026-07-07,87,1,0,0,0,2,2,0,0,1
760509,ARG-EGY R16,2026-07-07,88,0,0,0,0,0,0,0,0,0
760509,ARG-EGY R16,2026-07-07,89,0,1,0,0,2,2,0,0,1
760509,ARG-EGY R16,2026-07-07,90,1,1,0,4,15,5,4,9,1
760509,ARG-EGY R16,2026-07-07,91,0,0,0,0,0,0,0,0,0
760509,ARG-EGY R16,2026-07-07,92,0,0,0,0,0,0,0,0,0
760509,ARG-EGY R16,2026-07-07,93,0,0,0,0,0,0,0,0,0
760509,ARG-EGY R16,2026-07-07,94,0,0,0,0,0,0,0,0,0
760509,ARG-EGY R16,2026-07-07,95,0,0,0,0,0,0,0,4,1
760513,ARG-SUI QF,2026-07-12,0,0,0,0,0,0,0,0,0,0
760513,ARG-SUI QF,2026-07-12,1,0,1,0,0,3,2,0,0,1
760513,ARG-SUI QF,2026-07-12,2,0,0,0,0,0,0,0,0,0
760513,ARG-SUI QF,2026-07-12,3,1,0,0,0,2,2,0,0,1
760513,ARG-SUI QF,2026-07-12,4,0,0,0,0,0,0,0,5,1
760513,ARG-SUI QF,2026-07-12,5,0,0,0,0,0,0,0,16,1
760513,ARG-SUI QF,2026-07-12,6,0,0,0,0,0,0,0,0,0
760513,ARG-SUI QF,2026-07-12,7,0,0,0,0,2,0,0,0,1
760513,ARG-SUI QF,2026-07-12,8,0,0,0,0,0,0,0,0,0
760513,ARG-SUI QF,2026-07-12,9,0,0,0,0,4,0,0,0,1
760513,ARG-SUI QF,2026-07-12,10,0,0,0,0,1,0,0,2,1
760513,ARG-SUI QF,2026-07-12,11,0,0,0,0,0,0,0,0,0
760513,ARG-SUI QF,2026-07-12,12,0,0,0,0,0,0,0,0,0
760513,ARG-SUI QF,2026-07-12,13,1,0,0,0,2,2,0,0,1
760513,ARG-SUI QF,2026-07-12,14,0,0,0,0,0,0,0,0,0
760513,ARG-SUI QF,2026-07-12,15,0,0,0,0,1,0,0,0,1
760513,ARG-SUI QF,2026-07-12,16,0,0,0,0,0,0,0,0,0
760513,ARG-SUI QF,2026-07-12,17,0,2,0,0,2,2,0,0,1
760513,ARG-SUI QF,2026-07-12,18,0,0,0,0,0,0,0,0,0
760513,ARG-SUI QF,2026-07-12,19,0,0,0,0,0,0,0,0,0
760513,ARG-SUI QF,2026-07-12,20,0,0,0,0,2,0,0,1,1
760513,ARG-SUI QF,2026-07-12,21,0,0,0,0,0,0,0,0,0
760513,ARG-SUI QF,2026-07-12,22,0,1,0,0,2,2,0,0,1
760513,ARG-SUI QF,2026-07-12,23,0,1,0,0,3,2,0,0,1
760513,ARG-SUI QF,2026-07-12,24,0,0,0,0,0,0,0,0,0
760513,ARG-SUI QF,2026-07-12,25,0,0,0,0,0,0,0,0,0
760513,ARG-SUI QF,2026-07-12,26,0,0,0,0,1,0,0,0,1
760513,ARG-SUI QF,2026-07-12,27,0,0,0,0,0,0,0,0,0
760513,ARG-SUI QF,2026-07-12,28,0,1,0,0,2,2,0,0,1
760513,ARG-SUI QF,2026-07-12,29,0,0,0,0,0,0,0,0,0
760513,ARG-SUI QF,2026-07-12,30,0,0,0,0,0,0,0,0,0
760513,ARG-SUI QF,2026-07-12,31,0,0,0,0,0,0,0,0,0
760513,ARG-SUI QF,2026-07-12,32,0,1,0,0,2,2,0,0,1
760513,ARG-SUI QF,2026-07-12,33,0,0,0,0,0,0,0,0,0
760513,ARG-SUI QF,2026-07-12,34,0,0,0,0,1,0,0,0,1
760513,ARG-SUI QF,2026-07-12,35,1,0,0,0,2,2,0,0,1
760513,ARG-SUI QF,2026-07-12,36,1,0,0,0,2,2,0,0,1
760513,ARG-SUI QF,2026-07-12,37,0,0,0,0,0,0,0,0,0
760513,ARG-SUI QF,2026-07-12,38,0,0,0,0,0,0,0,0,0
760513,ARG-SUI QF,2026-07-12,39,0,1,0,0,2,2,0,0,1
760513,ARG-SUI QF,2026-07-12,40,1,0,0,0,2,2,0,0,1
760513,ARG-SUI QF,2026-07-12,41,0,0,0,0,0,0,0,0,0
760513,ARG-SUI QF,2026-07-12,42,1,0,0,0,2,2,0,0,1
760513,ARG-SUI QF,2026-07-12,43,0,0,0,0,0,0,0,0,0
760513,ARG-SUI QF,2026-07-12,44,0,1,0,1,3,3,1,0,1
760513,ARG-SUI QF,2026-07-12,45,1,1,0,0,11,4,0,0,1
760513,ARG-SUI QF,2026-07-12,46,0,0,0,0,0,0,0,0,0
760513,ARG-SUI QF,2026-07-12,47,0,0,0,0,1,0,0,0,1
760513,ARG-SUI QF,2026-07-12,48,1,0,0,0,2,2,0,0,1
760513,ARG-SUI QF,2026-07-12,49,0,0,0,0,0,0,0,0,0
760513,ARG-SUI QF,2026-07-12,50,0,0,0,0,2,0,0,0,1
760513,ARG-SUI QF,2026-07-12,51,0,0,0,0,0,0,0,0,0
760513,ARG-SUI QF,2026-07-12,52,0,0,0,0,2,0,0,0,1
760513,ARG-SUI QF,2026-07-12,53,0,0,0,0,0,0,0,0,0
760513,ARG-SUI QF,2026-07-12,54,0,0,0,0,0,0,0,0,0
760513,ARG-SUI QF,2026-07-12,55,0,0,0,0,1,0,0,0,1
760513,ARG-SUI QF,2026-07-12,56,0,0,0,0,1,0,0,0,1
760513,ARG-SUI QF,2026-07-12,57,0,0,0,0,1,0,0,0,1
760513,ARG-SUI QF,2026-07-12,58,0,0,0,0,0,0,0,0,0
760513,ARG-SUI QF,2026-07-12,59,0,1,0,0,2,2,0,0,1
760513,ARG-SUI QF,2026-07-12,60,0,0,0,0,1,0,0,0,1
760513,ARG-SUI QF,2026-07-12,61,0,0,0,0,0,0,0,0,0
760513,ARG-SUI QF,2026-07-12,62,0,1,0,0,2,2,0,0,1
760513,ARG-SUI QF,2026-07-12,63,0,0,0,0,1,0,0,0,1
760513,ARG-SUI QF,2026-07-12,64,0,0,0,0,0,0,0,0,0
760513,ARG-SUI QF,2026-07-12,65,0,0,0,0,1,0,0,0,1
760513,ARG-SUI QF,2026-07-12,66,0,0,0,0,1,0,0,0,1
760513,ARG-SUI QF,2026-07-12,67,0,0,0,0,1,0,0,1,1
760513,ARG-SUI QF,2026-07-12,68,0,0,0,0,0,0,0,0,0
760513,ARG-SUI QF,2026-07-12,69,0,0,0,0,1,0,0,0,1
760513,ARG-SUI QF,2026-07-12,70,0,0,0,0,1,0,0,0,1
760513,ARG-SUI QF,2026-07-12,71,0,0,0,0,0,0,0,0,0
760513,ARG-SUI QF,2026-07-12,72,0,0,0,1,1,0,1,2,1
760513,ARG-SUI QF,2026-07-12,73,0,0,0,0,0,0,0,0,0
760513,ARG-SUI QF,2026-07-12,74,0,0,0,0,0,0,0,0,0
760513,ARG-SUI QF,2026-07-12,75,0,0,0,0,2,0,0,0,1
760513,ARG-SUI QF,2026-07-12,76,0,0,0,0,0,0,0,0,0
760513,ARG-SUI QF,2026-07-12,77,0,0,0,0,0,0,0,0,0
760513,ARG-SUI QF,2026-07-12,78,0,0,0,0,2,0,0,2,1
760513,ARG-SUI QF,2026-07-12,79,1,0,0,0,2,2,0,0,1
760513,ARG-SUI QF,2026-07-12,80,0,0,0,0,0,0,0,0,0
760513,ARG-SUI QF,2026-07-12,81,0,0,0,0,0,0,0,0,0
760513,ARG-SUI QF,2026-07-12,82,0,0,0,0,0,0,0,0,0
760513,ARG-SUI QF,2026-07-12,83,0,0,0,0,0,0,0,0,0
760513,ARG-SUI QF,2026-07-12,84,0,0,0,0,0,0,0,0,0
760513,ARG-SUI QF,2026-07-12,85,0,0,0,0,3,0,0,4,1
760513,ARG-SUI QF,2026-07-12,86,0,0,0,0,3,0,0,6,1
760513,ARG-SUI QF,2026-07-12,87,0,0,0,0,0,0,0,0,0
760513,ARG-SUI QF,2026-07-12,88,0,0,0,0,0,0,0,0,0
760513,ARG-SUI QF,2026-07-12,89,0,0,0,0,1,0,0,0,1
760513,ARG-SUI QF,2026-07-12,90,1,0,0,0,12,2,0,3,1
760513,ARG-SUI QF,2026-07-12,91,0,0,0,0,3,0,0,0,1
760513,ARG-SUI QF,2026-07-12,92,0,0,0,0,1,0,0,0,1
760513,ARG-SUI QF,2026-07-12,93,0,0,0,0,1,0,0,0,1
760513,ARG-SUI QF,2026-07-12,94,0,0,0,0,0,0,0,0,0
760513,ARG-SUI QF,2026-07-12,95,0,0,0,0,1,0,0,2,1
760513,ARG-SUI QF,2026-07-12,96,0,0,0,0,1,0,0,2,1
760513,ARG-SUI QF,2026-07-12,97,1,0,1,0,3,3,1,2,1
760513,ARG-SUI QF,2026-07-12,98,1,1,1,0,5,5,1,2,1
760513,ARG-SUI QF,2026-07-12,99,0,0,0,0,1,0,0,0,1
760513,ARG-SUI QF,2026-07-12,100,0,0,0,0,0,0,0,0,0
760513,ARG-SUI QF,2026-07-12,101,0,0,0,0,0,0,0,0,0
760513,ARG-SUI QF,2026-07-12,102,0,2,0,0,2,2,0,0,1
760513,ARG-SUI QF,2026-07-12,103,0,0,0,0,1,0,0,0,1
760513,ARG-SUI QF,2026-07-12,104,0,0,0,0,0,0,0,0,0
760513,ARG-SUI QF,2026-07-12,105,0,0,0,0,8,0,0,2,1
760513,ARG-SUI QF,2026-07-12,106,0,0,0,0,0,0,0,0,0
760513,ARG-SUI QF,2026-07-12,107,1,0,0,0,2,2,0,0,1
760513,ARG-SUI QF,2026-07-12,108,0,0,0,0,0,0,0,0,0
760513,ARG-SUI QF,2026-07-12,109,0,0,0,0,0,0,0,0,0
760513,ARG-SUI QF,2026-07-12,110,0,1,0,0,3,2,0,2,1
760513,ARG-SUI QF,2026-07-12,111,0,0,0,0,0,0,0,0,0
760513,ARG-SUI QF,2026-07-12,112,0,0,0,0,2,0,0,1,1
760513,ARG-SUI QF,2026-07-12,113,0,0,0,0,0,0,0,0,0
760513,ARG-SUI QF,2026-07-12,114,0,0,1,0,1,0,1,2,1
760513,ARG-SUI QF,2026-07-12,115,0,0,0,0,1,0,0,2,1
760513,ARG-SUI QF,2026-07-12,116,0,0,0,0,1,0,0,0,1
760513,ARG-SUI QF,2026-07-12,117,0,0,0,0,1,0,0,0,1
760513,ARG-SUI QF,2026-07-12,118,1,0,0,0,2,2,0,0,1
760513,ARG-SUI QF,2026-07-12,119,0,0,0,0,2,0,0,0,1
760513,ARG-SUI QF,2026-07-12,120,0,0,0,0,6,0,0,0,1
760515,ENG-ARG SF,2026-07-15,0,0,0,0,0,0,0,0,12,1
760515,ENG-ARG SF,2026-07-15,1,0,0,0,0,0,0,0,0,0
760515,ENG-ARG SF,2026-07-15,2,1,0,0,0,2,2,0,0,1
760515,ENG-ARG SF,2026-07-15,3,1,0,0,0,2,2,0,0,1
760515,ENG-ARG SF,2026-07-15,4,0,0,0,0,0,0,0,0,0
760515,ENG-ARG SF,2026-07-15,5,0,0,0,0,0,0,0,0,0
760515,ENG-ARG SF,2026-07-15,6,1,0,0,0,2,2,0,0,1
760515,ENG-ARG SF,2026-07-15,7,0,0,0,0,1,0,0,0,1
760515,ENG-ARG SF,2026-07-15,8,0,1,0,0,2,1,0,0,1
760515,ENG-ARG SF,2026-07-15,9,1,1,0,0,4,4,0,0,1
760515,ENG-ARG SF,2026-07-15,10,0,1,0,0,2,2,0,0,1
760515,ENG-ARG SF,2026-07-15,11,0,0,0,0,0,0,0,0,0
760515,ENG-ARG SF,2026-07-15,12,0,0,0,0,2,0,0,0,1
760515,ENG-ARG SF,2026-07-15,13,0,0,0,0,1,0,0,0,1
760515,ENG-ARG SF,2026-07-15,14,0,0,0,0,0,0,0,0,0
760515,ENG-ARG SF,2026-07-15,15,0,0,0,0,0,0,0,1,1
760515,ENG-ARG SF,2026-07-15,16,1,0,0,0,2,2,0,0,1
760515,ENG-ARG SF,2026-07-15,17,0,0,0,0,0,0,0,0,0
760515,ENG-ARG SF,2026-07-15,18,0,0,0,0,0,0,0,1,1
760515,ENG-ARG SF,2026-07-15,19,0,0,0,0,0,0,0,0,0
760515,ENG-ARG SF,2026-07-15,20,0,0,0,0,0,0,0,2,1
760515,ENG-ARG SF,2026-07-15,21,0,1,0,0,3,2,0,0,1
760515,ENG-ARG SF,2026-07-15,22,0,0,0,0,0,0,0,2,1
760515,ENG-ARG SF,2026-07-15,23,0,2,0,0,2,2,0,18,1
760515,ENG-ARG SF,2026-07-15,24,0,0,0,0,1,0,0,0,1
760515,ENG-ARG SF,2026-07-15,25,1,0,0,0,3,2,0,0,1
760515,ENG-ARG SF,2026-07-15,26,0,0,0,0,0,0,0,0,0
760515,ENG-ARG SF,2026-07-15,27,0,0,0,0,0,0,0,0,0
760515,ENG-ARG SF,2026-07-15,28,0,0,0,0,1,0,0,0,1
760515,ENG-ARG SF,2026-07-15,29,0,0,0,0,0,0,0,0,0
760515,ENG-ARG SF,2026-07-15,30,0,1,0,0,2,2,0,0,1
760515,ENG-ARG SF,2026-07-15,31,0,0,0,0,0,0,0,0,0
760515,ENG-ARG SF,2026-07-15,32,1,0,0,0,2,2,0,0,1
760515,ENG-ARG SF,2026-07-15,33,0,0,0,0,1,0,0,0,1
760515,ENG-ARG SF,2026-07-15,34,1,0,0,0,2,2,0,0,1
760515,ENG-ARG SF,2026-07-15,35,1,0,0,0,2,2,0,0,1
760515,ENG-ARG SF,2026-07-15,36,0,0,0,0,0,0,0,0,0
760515,ENG-ARG SF,2026-07-15,37,0,1,0,1,3,3,1,0,1
760515,ENG-ARG SF,2026-07-15,38,0,0,0,0,2,0,0,0,1
760515,ENG-ARG SF,2026-07-15,39,0,0,0,0,0,0,0,0,0
760515,ENG-ARG SF,2026-07-15,40,0,0,0,0,0,0,0,0,0
760515,ENG-ARG SF,2026-07-15,41,0,0,0,0,0,0,0,0,0
760515,ENG-ARG SF,2026-07-15,42,1,0,1,0,3,3,1,0,1
760515,ENG-ARG SF,2026-07-15,43,1,0,0,0,2,2,0,0,1
760515,ENG-ARG SF,2026-07-15,44,0,0,0,0,0,0,0,0,0
760515,ENG-ARG SF,2026-07-15,45,1,0,0,0,7,1,0,0,1
760515,ENG-ARG SF,2026-07-15,46,0,0,0,0,0,0,0,0,0
760515,ENG-ARG SF,2026-07-15,47,0,0,0,0,3,0,0,0,1
760515,ENG-ARG SF,2026-07-15,48,0,0,0,0,0,0,0,0,0
760515,ENG-ARG SF,2026-07-15,49,0,0,0,0,0,0,0,0,0
760515,ENG-ARG SF,2026-07-15,50,0,0,0,0,0,0,0,0,0
760515,ENG-ARG SF,2026-07-15,51,1,0,1,0,3,3,1,0,1
760515,ENG-ARG SF,2026-07-15,52,0,0,0,0,0,0,0,0,0
760515,ENG-ARG SF,2026-07-15,53,0,1,0,0,2,2,0,0,1
760515,ENG-ARG SF,2026-07-15,54,0,0,0,0,1,0,0,0,1
760515,ENG-ARG SF,2026-07-15,55,0,0,0,0,1,0,0,2,1
760515,ENG-ARG SF,2026-07-15,56,0,0,0,0,0,0,0,0,0
760515,ENG-ARG SF,2026-07-15,57,0,0,0,0,1,0,0,0,1
760515,ENG-ARG SF,2026-07-15,58,0,0,0,0,0,0,0,0,0
760515,ENG-ARG SF,2026-07-15,59,0,0,0,0,0,0,0,0,0
760515,ENG-ARG SF,2026-07-15,60,0,0,0,0,0,0,0,1,1
760515,ENG-ARG SF,2026-07-15,61,0,0,0,0,1,0,0,0,1
760515,ENG-ARG SF,2026-07-15,62,0,0,0,0,0,0,0,0,0
760515,ENG-ARG SF,2026-07-15,63,0,0,0,0,0,0,0,0,0
760515,ENG-ARG SF,2026-07-15,64,0,0,0,0,1,0,0,2,1
760515,ENG-ARG SF,2026-07-15,65,0,0,0,0,0,0,0,0,0
760515,ENG-ARG SF,2026-07-15,66,0,0,0,0,2,0,0,0,1
760515,ENG-ARG SF,2026-07-15,67,0,1,0,0,3,2,0,0,1
760515,ENG-ARG SF,2026-07-15,68,0,0,0,0,1,0,0,0,1
760515,ENG-ARG SF,2026-07-15,69,1,0,0,0,4,2,0,0,1
760515,ENG-ARG SF,2026-07-15,70,0,0,0,0,0,0,0,0,0
760515,ENG-ARG SF,2026-07-15,71,0,0,0,0,0,0,0,0,0
760515,ENG-ARG SF,2026-07-15,72,0,0,0,0,5,0,0,8,1
760515,ENG-ARG SF,2026-07-15,73,0,0,0,0,0,0,0,0,0
760515,ENG-ARG SF,2026-07-15,74,0,0,0,0,0,0,0,0,0
760515,ENG-ARG SF,2026-07-15,75,0,0,0,0,0,0,0,0,0
760515,ENG-ARG SF,2026-07-15,76,0,0,0,0,3,0,0,0,1
760515,ENG-ARG SF,2026-07-15,77,0,0,0,0,1,0,0,0,1
760515,ENG-ARG SF,2026-07-15,78,0,0,0,0,0,0,0,0,0
760515,ENG-ARG SF,2026-07-15,79,0,0,0,0,1,0,0,0,1
760515,ENG-ARG SF,2026-07-15,80,0,0,0,0,0,0,0,0,0
760515,ENG-ARG SF,2026-07-15,81,1,0,0,0,4,2,0,2,1
760515,ENG-ARG SF,2026-07-15,82,0,0,0,0,3,0,0,4,1
760515,ENG-ARG SF,2026-07-15,83,0,0,0,0,0,0,0,0,0
760515,ENG-ARG SF,2026-07-15,84,0,0,0,0,1,0,0,0,1
760515,ENG-ARG SF,2026-07-15,85,0,0,0,0,3,0,0,0,1
760515,ENG-ARG SF,2026-07-15,86,0,0,0,0,0,0,0,0,0
760515,ENG-ARG SF,2026-07-15,87,0,0,0,0,0,0,0,0,0
760515,ENG-ARG SF,2026-07-15,88,0,0,0,0,1,0,0,0,1
760515,ENG-ARG SF,2026-07-15,89,0,0,0,0,0,0,0,0,0
760515,ENG-ARG SF,2026-07-15,90,0,2,1,0,12,4,1,2,1
760515,ENG-ARG SF,2026-07-15,91,0,0,0,0,0,0,0,0,0
760515,ENG-ARG SF,2026-07-15,92,0,0,0,0,0,0,0,0,0
760515,ENG-ARG SF,2026-07-15,93,0,0,0,0,0,0,0,0,0
760515,ENG-ARG SF,2026-07-15,94,0,0,0,0,0,0,0,0,0
760515,ENG-ARG SF,2026-07-15,95,0,0,0,0,0,0,0,0,0
760517,ESP-ARG Final,2026-07-19,0,0,0,0,0,0,0,0,19,1
760517,ESP-ARG Final,2026-07-19,1,0,0,0,0,0,0,0,1,1
760517,ESP-ARG Final,2026-07-19,2,0,1,0,0,2,2,0,0,1
760517,ESP-ARG Final,2026-07-19,3,0,0,0,0,0,0,0,0,0
760517,ESP-ARG Final,2026-07-19,4,1,0,0,0,2,2,0,0,1
760517,ESP-ARG Final,2026-07-19,5,0,0,0,0,1,0,0,0,1
760517,ESP-ARG Final,2026-07-19,6,0,0,0,0,0,0,0,0,0
760517,ESP-ARG Final,2026-07-19,7,0,0,0,0,0,0,0,0,0
760517,ESP-ARG Final,2026-07-19,8,0,1,0,0,2,2,0,0,1
760517,ESP-ARG Final,2026-07-19,9,0,0,0,0,0,0,0,0,0
760517,ESP-ARG Final,2026-07-19,10,0,0,0,0,0,0,0,0,0
760517,ESP-ARG Final,2026-07-19,11,0,0,0,0,0,0,0,0,0
760517,ESP-ARG Final,2026-07-19,12,0,0,0,0,1,0,0,0,1
760517,ESP-ARG Final,2026-07-19,13,0,0,0,0,0,0,0,0,0
760517,ESP-ARG Final,2026-07-19,14,1,0,0,0,2,2,0,0,1
760517,ESP-ARG Final,2026-07-19,15,0,0,0,0,0,0,0,0,0
760517,ESP-ARG Final,2026-07-19,16,0,1,0,0,2,2,0,0,1
760517,ESP-ARG Final,2026-07-19,17,0,0,0,0,0,0,0,0,0
760517,ESP-ARG Final,2026-07-19,18,1,0,0,0,2,2,0,0,1
760517,ESP-ARG Final,2026-07-19,19,0,0,0,0,0,0,0,0,0
760517,ESP-ARG Final,2026-07-19,20,0,1,0,0,2,2,0,0,1
760517,ESP-ARG Final,2026-07-19,21,0,0,0,0,1,0,0,0,1
760517,ESP-ARG Final,2026-07-19,22,0,0,0,0,1,0,0,0,1
760517,ESP-ARG Final,2026-07-19,23,0,0,0,0,1,0,0,0,1
760517,ESP-ARG Final,2026-07-19,24,0,1,0,0,2,2,0,0,1
760517,ESP-ARG Final,2026-07-19,25,0,0,0,0,1,0,0,0,1
760517,ESP-ARG Final,2026-07-19,26,0,0,0,0,0,0,0,0,0
760517,ESP-ARG Final,2026-07-19,27,0,0,0,0,1,0,0,1,1
760517,ESP-ARG Final,2026-07-19,28,0,0,0,0,1,0,0,0,1
760517,ESP-ARG Final,2026-07-19,29,1,0,0,0,2,2,0,0,1
760517,ESP-ARG Final,2026-07-19,30,0,0,0,0,0,0,0,0,0
760517,ESP-ARG Final,2026-07-19,31,0,0,0,0,0,0,0,0,0
760517,ESP-ARG Final,2026-07-19,32,0,0,0,0,0,0,0,0,0
760517,ESP-ARG Final,2026-07-19,33,0,1,0,0,2,2,0,0,1
760517,ESP-ARG Final,2026-07-19,34,1,0,0,0,2,2,0,0,1
760517,ESP-ARG Final,2026-07-19,35,0,0,0,0,1,0,0,0,1
760517,ESP-ARG Final,2026-07-19,36,1,0,0,0,2,2,0,0,1
760517,ESP-ARG Final,2026-07-19,37,0,0,0,0,0,0,0,0,0
760517,ESP-ARG Final,2026-07-19,38,1,0,0,0,2,2,0,0,1
760517,ESP-ARG Final,2026-07-19,39,0,0,0,0,1,0,0,0,1
760517,ESP-ARG Final,2026-07-19,40,0,0,0,0,0,0,0,1,1
760517,ESP-ARG Final,2026-07-19,41,1,0,1,0,3,3,1,0,1
760517,ESP-ARG Final,2026-07-19,42,0,0,0,0,0,0,0,0,0
760517,ESP-ARG Final,2026-07-19,43,0,0,0,0,1,0,0,0,1
760517,ESP-ARG Final,2026-07-19,44,0,0,0,0,1,0,0,2,1
760517,ESP-ARG Final,2026-07-19,45,0,1,0,0,6,2,0,1,1
760517,ESP-ARG Final,2026-07-19,46,0,0,0,0,1,0,0,2,1
760517,ESP-ARG Final,2026-07-19,47,0,0,0,0,0,0,0,0,0
760517,ESP-ARG Final,2026-07-19,48,0,0,0,0,1,0,0,0,1
760517,ESP-ARG Final,2026-07-19,49,0,0,0,0,0,0,0,0,0
760517,ESP-ARG Final,2026-07-19,50,0,1,0,0,2,2,0,0,1
760517,ESP-ARG Final,2026-07-19,51,0,1,0,0,2,2,0,0,1
760517,ESP-ARG Final,2026-07-19,52,1,0,1,0,3,2,1,0,1
760517,ESP-ARG Final,2026-07-19,53,0,0,0,0,0,0,0,0,0
760517,ESP-ARG Final,2026-07-19,54,0,2,0,0,4,4,0,0,1
760517,ESP-ARG Final,2026-07-19,55,0,0,0,0,0,0,0,0,0
760517,ESP-ARG Final,2026-07-19,56,2,0,0,0,3,2,0,0,1
760517,ESP-ARG Final,2026-07-19,57,0,0,0,0,0,0,0,0,0
760517,ESP-ARG Final,2026-07-19,58,0,0,0,0,1,0,0,2,1
760517,ESP-ARG Final,2026-07-19,59,0,0,0,0,0,0,0,0,0
760517,ESP-ARG Final,2026-07-19,60,1,0,0,0,2,2,0,0,1
760517,ESP-ARG Final,2026-07-19,61,0,0,0,0,1,0,0,0,1
760517,ESP-ARG Final,2026-07-19,62,1,0,0,0,4,2,0,4,1
760517,ESP-ARG Final,2026-07-19,63,0,0,0,0,0,0,0,0,0
760517,ESP-ARG Final,2026-07-19,64,0,0,0,0,2,0,0,0,1
760517,ESP-ARG Final,2026-07-19,65,0,0,0,0,2,0,0,0,1
760517,ESP-ARG Final,2026-07-19,66,0,0,0,0,1,0,0,0,1
760517,ESP-ARG Final,2026-07-19,67,0,0,0,0,2,0,0,0,1
760517,ESP-ARG Final,2026-07-19,68,0,0,0,0,0,0,0,0,0
760517,ESP-ARG Final,2026-07-19,69,0,0,0,0,0,0,0,0,0
760517,ESP-ARG Final,2026-07-19,70,0,0,0,0,3,0,0,4,1
760517,ESP-ARG Final,2026-07-19,71,0,0,0,0,0,0,0,0,0
760517,ESP-ARG Final,2026-07-19,72,0,0,0,0,0,0,0,0,0
760517,ESP-ARG Final,2026-07-19,73,0,0,0,0,0,0,0,0,0
760517,ESP-ARG Final,2026-07-19,74,0,0,0,0,0,0,0,0,0
760517,ESP-ARG Final,2026-07-19,75,0,0,0,0,2,0,0,4,1
760517,ESP-ARG Final,2026-07-19,76,1,0,0,0,2,2,0,0,1
760517,ESP-ARG Final,2026-07-19,77,0,0,0,0,2,0,0,0,1
760517,ESP-ARG Final,2026-07-19,78,0,0,0,0,1,0,0,0,1
760517,ESP-ARG Final,2026-07-19,79,0,0,0,0,0,0,0,0,0
760517,ESP-ARG Final,2026-07-19,80,0,0,0,0,1,0,0,0,1
760517,ESP-ARG Final,2026-07-19,81,1,0,0,0,3,2,0,0,1
760517,ESP-ARG Final,2026-07-19,82,0,0,1,0,3,1,1,0,1
760517,ESP-ARG Final,2026-07-19,83,0,0,0,0,0,0,0,0,0
760517,ESP-ARG Final,2026-07-19,84,1,0,0,0,2,2,0,0,1
760517,ESP-ARG Final,2026-07-19,85,0,0,0,0,0,0,0,0,0
760517,ESP-ARG Final,2026-07-19,86,0,0,0,0,0,0,0,0,0
760517,ESP-ARG Final,2026-07-19,87,0,0,0,0,1,0,0,0,1
760517,ESP-ARG Final,2026-07-19,88,0,0,0,0,0,0,0,0,0
760517,ESP-ARG Final,2026-07-19,89,0,0,0,0,1,0,0,0,1
760517,ESP-ARG Final,2026-07-19,90,2,2,2,0,18,9,2,5,1
760517,ESP-ARG Final,2026-07-19,91,0,0,0,0,0,0,0,0,0
760517,ESP-ARG Final,2026-07-19,92,0,1,0,0,2,2,0,0,1
760517,ESP-ARG Final,2026-07-19,93,0,1,0,0,3,2,0,0,1
760517,ESP-ARG Final,2026-07-19,94,1,0,0,0,2,2,0,0,1
760517,ESP-ARG Final,2026-07-19,95,0,0,0,0,0,0,0,0,0
760517,ESP-ARG Final,2026-07-19,96,0,1,0,0,2,2,0,0,1
760517,ESP-ARG Final,2026-07-19,97,0,0,0,0,0,0,0,0,0
760517,ESP-ARG Final,2026-07-19,98,0,0,0,0,1,0,0,0,1
760517,ESP-ARG Final,2026-07-19,99,0,0,0,0,3,0,0,4,1
760517,ESP-ARG Final,2026-07-19,100,1,0,0,0,2,2,0,0,1
760517,ESP-ARG Final,2026-07-19,101,0,0,0,0,1,0,0,0,1
760517,ESP-ARG Final,2026-07-19,102,0,0,0,0,1,0,0,2,1
760517,ESP-ARG Final,2026-07-19,103,0,0,0,0,1,0,0,0,1
760517,ESP-ARG Final,2026-07-19,104,0,0,0,0,1,0,0,0,1
760517,ESP-ARG Final,2026-07-19,105,2,0,0,0,5,2,0,0,1
760517,ESP-ARG Final,2026-07-19,106,0,0,0,0,1,0,0,2,1
760517,ESP-ARG Final,2026-07-19,107,0,0,0,0,0,0,0,0,0
760517,ESP-ARG Final,2026-07-19,108,0,1,0,0,2,2,0,0,1
760517,ESP-ARG Final,2026-07-19,109,0,0,0,0,0,0,0,0,0
760517,ESP-ARG Final,2026-07-19,110,0,0,0,0,0,0,0,0,0
760517,ESP-ARG Final,2026-07-19,111,2,0,1,0,5,5,1,2,1
760517,ESP-ARG Final,2026-07-19,112,0,0,0,0,0,0,0,0,0
760517,ESP-ARG Final,2026-07-19,113,0,0,0,0,2,0,0,0,1
760517,ESP-ARG Final,2026-07-19,114,0,1,0,0,2,2,0,0,1
760517,ESP-ARG Final,2026-07-19,115,0,0,0,0,1,0,0,0,1
760517,ESP-ARG Final,2026-07-19,116,0,0,0,0,0,0,0,0,0
760517,ESP-ARG Final,2026-07-19,117,0,0,0,0,2,0,0,0,1
760517,ESP-ARG Final,2026-07-19,118,0,0,0,0,1,0,0,0,1
760517,ESP-ARG Final,2026-07-19,119,0,1,0,0,2,2,0,0,1
760517,ESP-ARG Final,2026-07-19,120,1,2,0,0,11,6,0,0,1
